code,name,final_value,total_return_pct,sharpe_ratio,max_drawdown_pct,annual_return_pct,total_trades,win_count,lose_count,win_rate_pct,buy_signals,sell_signals,avg_hold_days,best_trade_pct,worst_trade_pct,stage_3_reached,avg_stage,signal_distribution,data_start,data_end,data_bars,error,signals,trade_log
sz.300502,2016-03-03,1402894.9,40.29,0.405,6.13,33.85,1,1,0,100.0,3,1,17.0,40.29,40.29,1,3.0,"{'均线多头排列': 1, '确认加仓': 1, '趋势满仓': 1, '移动止损(最高=26.05)': 1}",2023-01-03,2026-08-13,875,,"[{'date': '2023-03-27', 'type': 'buy', 'signal': '均线多头排列', 'price': 15.6154, 'stage': 1, 'stage_name': '试仓(6000股)'}, {'date': '2023-03-30', 'type': 'buy', 'signal': '确认加仓', 'price': 16.4685, 'stage': 2, 'stage_name': '确认(加15700股)'}, {'date': '2023-03-30', 'type': 'buy', 'signal': '趋势满仓', 'price': 16.4685, 'stage': 3, 'stage_name': '满仓(加26200股)'}, {'date': '2023-04-13', 'type': 'sell', 'signal': '移动止损(最高=26.05)', 'price': 24.1678, 'stage': 3}]","[{'entry_date': '2023-03-28', 'exit_date': '2023-04-14', 'entry_price': 16.12433235908142, 'exit_stage': 3, 'pnl': 402894.9, 'return_pct': 40.29, 'hold_days': 12}]"
sh.600415,2002-05-09,1267905.57,26.79,0.319,5.92,23.74,1,1,0,100.0,3,1,27.0,26.79,26.79,1,3.0,"{'均线多头排列': 1, '确认加仓': 1, '趋势满仓': 1, '移动止损(最高=7.23)': 1}",2023-01-03,2026-08-13,875,,"[{'date': '2023-03-27', 'type': 'buy', 'signal': '均线多头排列', 'price': 5.0138, 'stage': 1, 'stage_name': '试仓(18900股)'}, {'date': '2023-03-30', 'type': 'buy', 'signal': '确认加仓', 'price': 5.0865, 'stage': 2, 'stage_name': '确认(加50700股)'}, {'date': '2023-03-30', 'type': 'buy', 'signal': '趋势满仓', 'price': 5.0865, 'stage': 3, 'stage_name': '满仓(加84500股)'}, {'date': '2023-04-21', 'type': 'sell', 'signal': '移动止损(最高=7.23)', 'price': 6.7214, 'stage': 3}]","[{'entry_date': '2023-03-28', 'exit_date': '2023-04-24', 'entry_price': 5.11629922128488, 'exit_stage': 3, 'pnl': 267905.57, 'return_pct': 26.79, 'hold_days': 18}]"
sh.600066,1997-05-08,1217894.2,21.79,0.259,6.27,19.71,1,1,0,100.0,3,1,115.0,21.79,21.79,1,3.0,"{'均线多头排列': 1, '确认加仓': 1, '趋势满仓': 1, '移动止损(最高=12.42)': 1}",2023-01-03,2026-08-13,874,,"[{'date': '2023-03-27', 'type': 'buy', 'signal': '均线多头排列', 'price': 8.1696, 'stage': 1, 'stage_name': '试仓(11600股)'}, {'date': '2023-03-30', 'type': 'buy', 'signal': '确认加仓', 'price': 9.1736, 'stage': 2, 'stage_name': '确认(加28000股)'}, {'date': '2023-03-30', 'type': 'buy', 'signal': '趋势满仓', 'price': 9.1736, 'stage': 3, 'stage_name': '满仓(加46700股)'}, {'date': '2023-07-20', 'type': 'sell', 'signal': '移动止损(最高=12.42)', 'price': 11.4829, 'stage': 3}]","[{'entry_date': '2023-03-28', 'exit_date': '2023-07-21', 'entry_price': 9.094519466975667, 'exit_stage': 3, 'pnl': 217894.2, 'return_pct': 21.79, 'hold_days': 76}]"
sh.688012,2019-07-22,1186332.36,18.63,0.206,6.11,17.09,1,1,0,100.0,3,1,17.0,18.63,18.63,1,3.0,"{'均线多头排列': 1, '确认加仓': 1, '趋势满仓': 1, '移动止损(最高=120.20)': 1}",2023-01-03,2026-08-13,866,,"[{'date': '2023-03-27', 'type': 'buy', 'signal': '均线多头排列', 'price': 85.6561, 'stage': 1, 'stage_name': '试仓(1100股)'}, {'date': '2023-03-30', 'type': 'buy', 'signal': '确认加仓', 'price': 93.3806, 'stage': 2, 'stage_name': '确认(加2700股)'}, {'date': '2023-03-30', 'type': 'buy', 'signal': '趋势满仓', 'price': 93.3806, 'stage': 3, 'stage_name': '满仓(加4600股)'}, {'date': '2023-04-13', 'type': 'sell', 'signal': '移动止损(最高=120.20)', 'price': 111.2243, 'stage': 3}]","[{'entry_date': '2023-03-28', 'exit_date': '2023-04-14', 'entry_price': 92.32343928571429, 'exit_stage': 3, 'pnl': 186332.36, 'return_pct': 18.63, 'hold_days': 12}]"
sh.688256,2020-07-20,1143707.54,14.37,0.095,6.99,13.43,1,1,0,100.0,3,1,14.0,14.37,14.37,1,3.0,"{'均线多头排列': 1, '确认加仓': 1, '趋势满仓': 1, '移动止损(最高=151.22)': 1}",2023-01-03,2026-08-13,875,,"[{'date': '2023-03-27', 'type': 'buy', 'signal': '均线多头排列', 'price': 124.9931, 'stage': 1, 'stage_name': '试仓(700股)'}, {'date': '2023-03-30', 'type': 'buy', 'signal': '确认加仓', 'price': 118.0927, 'stage': 2, 'stage_name': '确认(加2100股)'}, {'date': '2023-03-30', 'type': 'buy', 'signal': '趋势满仓', 'price': 118.0927, 'stage': 3, 'stage_name': '满仓(加3600股)'}, {'date': '2023-04-10', 'type': 'sell', 'signal': '移动止损(最高=151.22)', 'price': 139.2099, 'stage': 3}]","[{'entry_date': '2023-03-28', 'exit_date': '2023-04-11', 'entry_price': 115.214859375, 'exit_stage': 3, 'pnl': 143707.54, 'return_pct': 14.37, 'hold_days': 9}]"
sh.601288,2010-07-15,1122651.71,12.27,0.012,6.18,11.57,1,1,0,100.0,3,1,43.0,12.27,12.27,1,3.0,"{'均线多头排列': 1, '确认加仓': 1, '趋势满仓': 1, '移动止损(最高=3.20)': 1}",2023-01-03,2026-08-13,875,,"[{'date': '2023-03-28', 'type': 'buy', 'signal': '均线多头排列', 'price': 2.5426, 'stage': 1, 'stage_name': '试仓(37300股)'}, {'date': '2023-03-31', 'type': 'buy', 'signal': '确认加仓', 'price': 2.559, 'stage': 2, 'stage_name': '确认(加100800股)'}, {'date': '2023-03-31', 'type': 'buy', 'signal': '趋势满仓', 'price': 2.559, 'stage': 3, 'stage_name': '满仓(加168000股)'}, {'date': '2023-05-10', 'type': 'sell', 'signal': '移动止损(最高=3.20)', 'price': 2.9704, 'stage': 3}]","[{'entry_date': '2023-03-29', 'exit_date': '2023-05-11', 'entry_price': 2.5559901666122187, 'exit_stage': 3, 'pnl': 122651.71, 'return_pct': 12.27, 'hold_days': 27}]"
sh.600489,2003-08-14,1121358.71,12.14,0.006,6.77,11.45,1,1,0,100.0,3,1,28.0,12.14,12.14,1,3.0,"{'均线多头排列': 1, '确认加仓': 1, '趋势满仓': 1, '移动止损(最高=11.18)': 1}",2023-01-03,2026-08-13,875,,"[{'date': '2023-03-27', 'type': 'buy', 'signal': '均线多头排列', 'price': 9.2155, 'stage': 1, 'stage_name': '试仓(10300股)'}, {'date': '2023-03-30', 'type': 'buy', 'signal': '确认加仓', 'price': 8.9421, 'stage': 2, 'stage_name': '确认(加28800股)'}, {'date': '2023-03-30', 'type': 'buy', 'signal': '趋势满仓', 'price': 8.9421, 'stage': 3, 'stage_name': '满仓(加48100股)'}, {'date': '2023-04-24', 'type': 'sell', 'signal': '移动止损(最高=11.18)', 'price': 10.2547, 'stage': 3}]","[{'entry_date': '2023-03-28', 'exit_date': '2023-04-25', 'entry_price': 9.043972477064221, 'exit_stage': 3, 'pnl': 121358.71, 'return_pct': 12.14, 'hold_days': 19}]"
sh.600011,2001-12-06,1095142.31,9.51,-0.151,6.12,9.09,1,1,0,100.0,3,1,46.0,9.51,9.51,1,3.0,"{'均线多头排列': 1, '确认加仓': 1, '趋势满仓': 1, '移动止损(最高=9.00)': 1}",2023-01-03,2026-08-13,875,,"[{'date': '2023-03-30', 'type': 'buy', 'signal': '均线多头排列', 'price': 7.6218, 'stage': 1, 'stage_name': '试仓(12400股)'}, {'date': '2023-04-04', 'type': 'buy', 'signal': '确认加仓', 'price': 7.4252, 'stage': 2, 'stage_name': '确认(加34700股)'}, {'date': '2023-04-04', 'type': 'buy', 'signal': '趋势满仓', 'price': 7.4252, 'stage': 3, 'stage_name': '满仓(加57900股)'}, {'date': '2023-05-15', 'type': 'sell', 'signal': '移动止损(最高=9.00)', 'price': 8.3187, 'stage': 3}]","[{'entry_date': '2023-03-31', 'exit_date': '2023-05-16', 'entry_price': 7.414731428571429, 'exit_stage': 3, 'pnl': 95142.31, 'return_pct': 9.51, 'hold_days': 28}]"
sz.002463,2010-08-18,1093893.87,9.39,-0.161,7.09,8.97,1,1,0,100.0,3,1,15.0,9.39,9.39,1,3.0,"{'均线多头排列': 1, '确认加仓': 1, '趋势满仓': 1, '移动止损(最高=24.68)': 1}",2023-01-03,2026-08-13,875,,"[{'date': '2023-03-27', 'type': 'buy', 'signal': '均线多头排列', 'price': 21.6312, 'stage': 1, 'stage_name': '试仓(4300股)'}, {'date': '2023-03-30', 'type': 'buy', 'signal': '确认加仓', 'price': 20.2607, 'stage': 2, 'stage_name': '确认(加12700股)'}, {'date': '2023-03-30', 'type': 'buy', 'signal': '趋势满仓', 'price': 20.2607, 'stage': 3, 'stage_name': '满仓(加21300股)'}, {'date': '2023-04-11', 'type': 'sell', 'signal': '移动止损(最高=24.68)', 'price': 22.6471, 'stage': 3}]","[{'entry_date': '2023-03-28', 'exit_date': '2023-04-12', 'entry_price': 20.028412010443862, 'exit_stage': 3, 'pnl': 93893.87, 'return_pct': 9.39, 'hold_days': 10}]"
sz.301165,2022-11-21,1081484.39,8.15,-0.273,7.14,7.83,1,1,0,100.0,3,1,15.0,8.15,8.15,1,3.0,"{'均线多头排列': 1, '确认加仓': 1, '趋势满仓': 1, '移动止损(最高=31.54)': 1}",2023-01-03,2026-08-13,875,,"[{'date': '2023-03-29', 'type': 'buy', 'signal': '均线多头排列', 'price': 25.5005, 'stage': 1, 'stage_name': '试仓(3700股)'}, {'date': '2023-04-03', 'type': 'buy', 'signal': '确认加仓', 'price': 26.3636, 'stage': 2, 'stage_name': '确认(加9700股)'}, {'date': '2023-04-03', 'type': 'buy', 'signal': '趋势满仓', 'price': 26.3636, 'stage': 3, 'stage_name': '满仓(加16300股)'}, {'date': '2023-04-13', 'type': 'sell', 'signal': '移动止损(最高=31.54)', 'price': 29.0745, 'stage': 3}]","[{'entry_date': '2023-03-30', 'exit_date': '2023-04-14', 'entry_price': 25.96898148148148, 'exit_stage': 3, 'pnl': 81484.39, 'return_pct': 8.15, 'hold_days': 10}]"
sh.600547,2003-08-28,1079485.17,7.95,-0.294,6.95,7.65,1,1,0,100.0,3,1,25.0,7.95,7.95,1,3.0,"{'均线多头排列': 1, '确认加仓': 1, '趋势满仓': 1, '移动止损(最高=26.56)': 1}",2023-01-03,2026-08-13,875,,"[{'date': '2023-03-30', 'type': 'buy', 'signal': '均线多头排列', 'price': 20.7659, 'stage': 1, 'stage_name': '试仓(4500股)'}, {'date': '2023-04-04', 'type': 'buy', 'signal': '确认加仓', 'price': 22.1477, 'stage': 2, 'stage_name': '确认(加11600股)'}, {'date': '2023-04-04', 'type': 'buy', 'signal': '趋势满仓', 'price': 22.1477, 'stage': 3, 'stage_name': '满仓(加19400股)'}, {'date': '2023-04-24', 'type': 'sell', 'signal': '移动止损(最高=26.56)', 'price': 24.3177, 'stage': 3}]","[{'entry_date': '2023-03-31', 'exit_date': '2023-04-25', 'entry_price': 22.47913661971831, 'exit_stage': 3, 'pnl': 79485.17, 'return_pct': 7.95, 'hold_days': 16}]"
sz.002230,2008-05-12,1078167.07,7.82,-0.309,6.16,7.53,1,1,0,100.0,3,1,10.0,7.82,7.82,1,3.0,"{'均线多头排列': 1, '确认加仓': 1, '趋势满仓': 1, '移动止损(最高=68.72)': 1}",2023-01-03,2026-08-13,875,,"[{'date': '2023-03-27', 'type': 'buy', 'signal': '均线多头排列', 'price': 59.9553, 'stage': 1, 'stage_name': '试仓(1500股)'}, {'date': '2023-03-30', 'type': 'buy', 'signal': '确认加仓', 'price': 58.2794, 'stage': 2, 'stage_name': '确认(加4400股)'}, {'date': '2023-03-30', 'type': 'buy', 'signal': '趋势满仓', 'price': 58.2794, 'stage': 3, 'stage_name': '满仓(加7400股)'}, {'date': '2023-04-06', 'type': 'sell', 'signal': '移动止损(最高=68.72)', 'price': 63.446, 'stage': 3}]","[{'entry_date': '2023-03-28', 'exit_date': '2023-04-07', 'entry_price': 58.24947819548872, 'exit_stage': 3, 'pnl': 78167.07, 'return_pct': 7.82, 'hold_days': 7}]"
sh.688072,2022-04-20,1076821.07,7.68,-0.325,9.36,7.4,1,1,0,100.0,3,1,13.0,7.68,7.68,1,3.0,"{'均线多头排列': 1, '确认加仓': 1, '趋势满仓': 1, '移动止损(最高=172.53)': 1}",2023-01-03,2026-08-13,865,,"[{'date': '2023-03-29', 'type': 'buy', 'signal': '均线多头排列', 'price': 126.816, 'stage': 1, 'stage_name': '试仓(700股)'}, {'date': '2023-04-03', 'type': 'buy', 'signal': '确认加仓', 'price': 140.3773, 'stage': 2, 'stage_name': '确认(加1800股)'}, {'date': '2023-04-03', 'type': 'buy', 'signal': '趋势满仓', 'price': 140.3773, 'stage': 3, 'stage_name': '满仓(加3000股)'}, {'date': '2023-04-11', 'type': 'sell', 'signal': '移动止损(最高=172.53)', 'price': 154.8432, 'stage': 3}]","[{'entry_date': '2023-03-30', 'exit_date': '2023-04-12', 'entry_price': 138.20746, 'exit_stage': 3, 'pnl': 76821.07, 'return_pct': 7.68, 'hold_days': 8}]"
sh.688183,2021-02-25,1070795.22,7.08,-0.401,10.15,6.84,1,1,0,100.0,3,1,27.0,7.08,7.08,1,3.0,"{'均线多头排列': 1, '确认加仓': 1, '趋势满仓': 1, '移动止损(最高=14.49)': 1}",2023-01-03,2026-08-13,875,,"[{'date': '2023-03-30', 'type': 'buy', 'signal': '均线多头排列', 'price': 11.4265, 'stage': 1, 'stage_name': '试仓(8300股)'}, {'date': '2023-04-04', 'type': 'buy', 'signal': '确认加仓', 'price': 11.746, 'stage': 2, 'stage_name': '确认(加21900股)'}, {'date': '2023-04-04', 'type': 'buy', 'signal': '趋势满仓', 'price': 11.746, 'stage': 3, 'stage_name': '满仓(加36500股)'}, {'date': '2023-04-26', 'type': 'sell', 'signal': '移动止损(最高=14.49)', 'price': 13.0436, 'stage': 3}]","[{'entry_date': '2023-03-31', 'exit_date': '2023-04-27', 'entry_price': 11.599617541229385, 'exit_stage': 3, 'pnl': 70795.22, 'return_pct': 7.08, 'hold_days': 18}]"
sh.600674,1993-09-24,1067872.73,6.79,-0.443,5.02,6.57,1,1,0,100.0,3,1,100.0,6.79,6.79,1,3.0,"{'均线多头排列': 1, '确认加仓': 1, '趋势满仓': 1, '一阴破三线': 1}",2023-01-03,2026-08-13,875,,"[{'date': '2023-03-28', 'type': 'buy', 'signal': '均线多头排列', 'price': 11.805, 'stage': 1, 'stage_name': '试仓(8000股)'}, {'date': '2023-03-31', 'type': 'buy', 'signal': '确认加仓', 'price': 11.9131, 'stage': 2, 'stage_name': '确认(加21600股)'}, {'date': '2023-03-31', 'type': 'buy', 'signal': '趋势满仓', 'price': 11.9131, 'stage': 3, 'stage_name': '满仓(加36000股)'}, {'date': '2023-07-06', 'type': 'sell', 'signal': '一阴破三线', 'price': 13.0395, 'stage': 3}]","[{'entry_date': '2023-03-29', 'exit_date': '2023-07-07', 'entry_price': 11.943907317073172, 'exit_stage': 3, 'pnl': 67872.73, 'return_pct': 6.79, 'hold_days': 66}]"
sh.600039,2003-03-25,1067343.92,6.73,-0.451,6.9,6.52,1,1,0,100.0,3,1,48.0,6.73,6.73,1,3.0,"{'均线多头排列': 1, '确认加仓': 1, '趋势满仓': 1, '移动止损(最高=8.95)': 1}",2023-01-03,2026-08-13,875,,"[{'date': '2023-03-27', 'type': 'buy', 'signal': '均线多头排列', 'price': 7.3271, 'stage': 1, 'stage_name': '试仓(12900股)'}, {'date': '2023-03-30', 'type': 'buy', 'signal': '确认加仓', 'price': 7.457, 'stage': 2, 'stage_name': '确认(加34500股)'}, {'date': '2023-03-30', 'type': 'buy', 'signal': '趋势满仓', 'price': 7.457, 'stage': 3, 'stage_name': '满仓(加57600股)'}, {'date': '2023-05-12', 'type': 'sell', 'signal': '移动止损(最高=8.95)', 'price': 8.2021, 'stage': 3}]","[{'entry_date': '2023-03-28', 'exit_date': '2023-05-15', 'entry_price': 7.544982285714284, 'exit_stage': 3, 'pnl': 67343.92, 'return_pct': 6.73, 'hold_days': 30}]"
sh.600570,2003-12-16,1067304.83,6.73,-0.452,6.89,6.51,1,1,0,100.0,3,1,10.0,6.73,6.73,1,3.0,"{'均线多头排列': 1, '确认加仓': 1, '趋势满仓': 1, '移动止损(最高=56.30)': 1}",2023-01-03,2026-08-13,875,,"[{'date': '2023-03-27', 'type': 'buy', 'signal': '均线多头排列', 'price': 49.4828, 'stage': 1, 'stage_name': '试仓(1900股)'}, {'date': '2023-03-30', 'type': 'buy', 'signal': '确认加仓', 'price': 47.3118, 'stage': 2, 'stage_name': '确认(加5400股)'}, {'date': '2023-03-30', 'type': 'buy', 'signal': '趋势满仓', 'price': 47.3118, 'stage': 3, 'stage_name': '满仓(加9100股)'}, {'date': '2023-04-06', 'type': 'sell', 'signal': '移动止损(最高=56.30)', 'price': 51.644, 'stage': 3}]","[{'entry_date': '2023-03-28', 'exit_date': '2023-04-07', 'entry_price': 47.33357682926829, 'exit_stage': 3, 'pnl': 67304.83, 'return_pct': 6.73, 'hold_days': 7}]"
sh.688111,2019-11-18,1061450.72,6.15,-0.55,7.2,5.96,1,1,0,100.0,3,1,10.0,6.15,6.15,1,3.0,"{'均线多头排列': 1, '确认加仓': 1, '趋势满仓': 1, '移动止损(最高=504.61)': 1}",2023-01-03,2026-08-13,875,,"[{'date': '2023-03-27', 'type': 'buy', 'signal': '均线多头排列', 'price': 385.7848, 'stage': 1, 'stage_name': '试仓(200股)'}, {'date': '2023-03-30', 'type': 'buy', 'signal': '确认加仓', 'price': 432.6167, 'stage': 2, 'stage_name': '确认(加600股)'}, {'date': '2023-03-30', 'type': 'buy', 'signal': '趋势满仓', 'price': 432.6167, 'stage': 3, 'stage_name': '满仓(加1000股)'}, {'date': '2023-04-06', 'type': 'sell', 'signal': '移动止损(最高=504.61)', 'price': 465.2641, 'stage': 3}]","[{'entry_date': '2023-03-28', 'exit_date': '2023-04-07', 'entry_price': 424.3267333333334, 'exit_stage': 3, 'pnl': 61450.72, 'return_pct': 6.15, 'hold_days': 7}]"
sh.688521,2020-08-18,1060032.05,6.0,-0.577,7.97,5.83,1,1,0,100.0,3,1,14.0,6.0,6.0,1,3.0,"{'均线多头排列': 1, '确认加仓': 1, '趋势满仓': 1, '移动止损(最高=110.80)': 1}",2023-01-03,2026-08-13,865,,"[{'date': '2023-03-27', 'type': 'buy', 'signal': '均线多头排列', 'price': 92.83, 'stage': 1, 'stage_name': '试仓(1000股)'}, {'date': '2023-03-30', 'type': 'buy', 'signal': '确认加仓', 'price': 93.0, 'stage': 2, 'stage_name': '确认(加2700股)'}, {'date': '2023-03-30', 'type': 'buy', 'signal': '趋势满仓', 'price': 93.0, 'stage': 3, 'stage_name': '满仓(加4600股)'}, {'date': '2023-04-10', 'type': 'sell', 'signal': '移动止损(最高=110.80)', 'price': 99.83, 'stage': 3}]","[{'entry_date': '2023-03-28', 'exit_date': '2023-04-11', 'entry_price': 93.57265060240964, 'exit_stage': 3, 'pnl': 60032.05, 'return_pct': 6.0, 'hold_days': 9}]"
sh.601607,1994-03-24,1059685.16,5.97,-0.583,5.44,5.8,1,1,0,100.0,3,1,77.0,5.97,5.97,1,3.0,"{'均线多头排列': 1, '确认加仓': 1, '趋势满仓': 1, '一阴破三线': 1}",2023-01-03,2026-08-13,875,,"[{'date': '2023-03-28', 'type': 'buy', 'signal': '均线多头排列', 'price': 18.6083, 'stage': 1, 'stage_name': '试仓(5100股)'}, {'date': '2023-03-31', 'type': 'buy', 'signal': '确认加仓', 'price': 18.4813, 'stage': 2, 'stage_name': '确认(加13900股)'}, {'date': '2023-03-31', 'type': 'buy', 'signal': '趋势满仓', 'price': 18.4813, 'stage': 3, 'stage_name': '满仓(加23200股)'}, {'date': '2023-06-13', 'type': 'sell', 'signal': '一阴破三线', 'price': 19.8513, 'stage': 3}]","[{'entry_date': '2023-03-29', 'exit_date': '2023-06-14', 'entry_price': 18.39870971563981, 'exit_stage': 3, 'pnl': 59685.16, 'return_pct': 5.97, 'hold_days': 51}]"
sh.601800,2012-03-09,1058112.93,5.81,-0.615,7.94,5.65,1,1,0,100.0,3,1,30.0,5.81,5.81,1,3.0,"{'均线多头排列': 1, '确认加仓': 1, '趋势满仓': 1, '移动止损(最高=11.25)': 1}",2023-01-03,2026-08-13,875,,"[{'date': '2023-03-27', 'type': 'buy', 'signal': '均线多头排列', 'price': 9.8604, 'stage': 1, 'stage_name': '试仓(9600股)'}, {'date': '2023-03-30', 'type': 'buy', 'signal': '确认加仓', 'price': 9.4146, 'stage': 2, 'stage_name': '确认(加27300股)'}, {'date': '2023-03-30', 'type': 'buy', 'signal': '趋势满仓', 'price': 9.4146, 'stage': 3, 'stage_name': '满仓(加45600股)'}, {'date': '2023-04-26', 'type': 'sell', 'signal': '移动止损(最高=11.25)', 'price': 10.1724, 'stage': 3}]","[{'entry_date': '2023-03-28', 'exit_date': '2023-04-27', 'entry_price': 9.430615636363637, 'exit_stage': 3, 'pnl': 58112.93, 'return_pct': 5.81, 'hold_days': 21}]"
sh.600938,2022-04-21,1051811.84,5.18,-0.76,6.09,5.05,1,1,0,100.0,3,1,30.0,5.18,5.18,1,3.0,"{'均线多头排列': 1, '确认加仓': 1, '趋势满仓': 1, '移动止损(最高=16.78)': 1}",2023-01-03,2026-08-13,875,,"[{'date': '2023-03-28', 'type': 'buy', 'signal': '均线多头排列', 'price': 14.1912, 'stage': 1, 'stage_name': '试仓(6600股)'}, {'date': '2023-03-31', 'type': 'buy', 'signal': '确认加仓', 'price': 14.4025, 'stage': 2, 'stage_name': '确认(加17900股)'}, {'date': '2023-03-31', 'type': 'buy', 'signal': '趋势满仓', 'price': 14.4025, 'stage': 3, 'stage_name': '满仓(加29800股)'}, {'date': '2023-04-27', 'type': 'sell', 'signal': '移动止损(最高=16.78)', 'price': 15.5351, 'stage': 3}]","[{'entry_date': '2023-03-29', 'exit_date': '2023-04-28', 'entry_price': 14.778580662983426, 'exit_stage': 3, 'pnl': 51811.84, 'return_pct': 5.18, 'hold_days': 21}]"
sh.601398,2006-10-27,1044853.41,4.49,-0.967,8.79,4.39,1,1,0,100.0,3,1,57.0,4.49,4.49,1,3.0,"{'均线多头排列': 1, '确认加仓': 1, '趋势满仓': 1, '移动止损(最高=4.35)': 1}",2023-01-03,2026-08-13,875,,"[{'date': '2023-03-28', 'type': 'buy', 'signal': '均线多头排列', 'price': 3.6882, 'stage': 1, 'stage_name': '试仓(25700股)'}, {'date': '2023-03-31', 'type': 'buy', 'signal': '确认加仓', 'price': 3.6635, 'stage': 2, 'stage_name': '确认(加70300股)'}, {'date': '2023-03-31', 'type': 'buy', 'signal': '趋势满仓', 'price': 3.6635, 'stage': 3, 'stage_name': '满仓(加117300股)'}, {'date': '2023-05-24', 'type': 'sell', 'signal': '移动止损(最高=4.35)', 'price': 3.91, 'stage': 3}]","[{'entry_date': '2023-03-29', 'exit_date': '2023-05-25', 'entry_price': 3.6674640412564465, 'exit_stage': 3, 'pnl': 44853.41, 'return_pct': 4.49, 'hold_days': 37}]"
sh.601169,2007-09-19,1043067.82,4.31,-1.031,6.15,4.22,1,1,0,100.0,3,1,57.0,4.31,4.31,1,3.0,"{'红杏出墙': 1, '确认加仓': 1, '趋势满仓': 1, '移动止损(最高=4.00)': 1}",2023-01-03,2026-08-13,875,,"[{'date': '2023-03-28', 'type': 'buy', 'signal': '红杏出墙', 'price': 3.4949, 'stage': 1, 'stage_name': '试仓(27100股)'}, {'date': '2023-03-31', 'type': 'buy', 'signal': '确认加仓', 'price': 3.4949, 'stage': 2, 'stage_name': '确认(加73800股)'}, {'date': '2023-03-31', 'type': 'buy', 'signal': '趋势满仓', 'price': 3.4949, 'stage': 3, 'stage_name': '满仓(加123000股)'}, {'date': '2023-05-24', 'type': 'sell', 'signal': '移动止损(最高=4.00)', 'price': 3.7093, 'stage': 3}]","[{'entry_date': '2023-03-29', 'exit_date': '2023-05-25', 'entry_price': 3.5018438142027692, 'exit_stage': 3, 'pnl': 43067.82, 'return_pct': 4.31, 'hold_days': 37}]"
sh.601138,2018-06-08,1039765.12,3.98,-1.165,6.4,3.9,1,1,0,100.0,3,1,14.0,3.98,3.98,1,3.0,"{'均线多头排列': 1, '确认加仓': 1, '趋势满仓': 1, '移动止损(最高=17.39)': 1}",2023-01-03,2026-08-13,875,,"[{'date': '2023-03-27', 'type': 'buy', 'signal': '均线多头排列', 'price': 16.1377, 'stage': 1, 'stage_name': '试仓(5800股)'}, {'date': '2023-03-30', 'type': 'buy', 'signal': '确认加仓', 'price': 15.4512, 'stage': 2, 'stage_name': '确认(加16700股)'}, {'date': '2023-03-30', 'type': 'buy', 'signal': '趋势满仓', 'price': 15.4512, 'stage': 3, 'stage_name': '满仓(加27900股)'}, {'date': '2023-04-10', 'type': 'sell', 'signal': '移动止损(最高=17.39)', 'price': 15.9913, 'stage': 3}]","[{'entry_date': '2023-03-28', 'exit_date': '2023-04-11', 'entry_price': 15.32643611111111, 'exit_stage': 3, 'pnl': 39765.12, 'return_pct': 3.98, 'hold_days': 9}]"
sh.601600,2007-04-30,1033776.6,3.38,-1.474,4.86,3.32,1,1,0,100.0,3,1,19.0,3.38,3.38,1,3.0,"{'红杏出墙': 1, '确认加仓': 1, '趋势满仓': 1, '移动止损(最高=6.24)': 1}",2023-01-03,2026-08-13,875,,"[{'date': '2023-04-04', 'type': 'buy', 'signal': '红杏出墙', 'price': 5.308, 'stage': 1, 'stage_name': '试仓(17800股)'}, {'date': '2023-04-10', 'type': 'buy', 'signal': '确认加仓', 'price': 5.5621, 'stage': 2, 'stage_name': '确认(加46400股)'}, {'date': '2023-04-11', 'type': 'buy', 'signal': '趋势满仓', 'price': 5.6468, 'stage': 3, 'stage_name': '满仓(加54500股)'}, {'date': '2023-04-24', 'type': 'sell', 'signal': '移动止损(最高=6.24)', 'price': 5.7974, 'stage': 3}]","[{'entry_date': '2023-04-06', 'exit_date': '2023-04-25', 'entry_price': 5.5579338668913225, 'exit_stage': 3, 'pnl': 33776.6, 'return_pct': 3.38, 'hold_days': 13}]"
sz.000617,1996-10-22,1032064.38,3.21,-1.583,7.3,3.16,1,1,0,100.0,3,1,27.0,3.21,3.21,1,3.0,"{'均线多头排列': 1, '确认加仓': 1, '趋势满仓': 1, '移动止损(最高=7.50)': 1}",2023-01-03,2026-08-13,875,,"[{'date': '2023-03-27', 'type': 'buy', 'signal': '均线多头排列', 'price': 5.938, 'stage': 1, 'stage_name': '试仓(15900股)'}, {'date': '2023-03-30', 'type': 'buy', 'signal': '确认加仓', 'price': 6.5822, 'stage': 2, 'stage_name': '确认(加38900股)'}, {'date': '2023-03-30', 'type': 'buy', 'signal': '趋势满仓', 'price': 6.5822, 'stage': 3, 'stage_name': '满仓(加64900股)'}, {'date': '2023-04-21', 'type': 'sell', 'signal': '移动止损(最高=7.50)', 'price': 6.8437, 'stage': 3}]","[{'entry_date': '2023-03-28', 'exit_date': '2023-04-24', 'entry_price': 6.5437583959899746, 'exit_stage': 3, 'pnl': 32064.38, 'return_pct': 3.21, 'hold_days': 18}]"
sh.601818,2010-08-18,1027545.7,2.75,-1.938,6.23,2.72,1,1,0,100.0,3,1,40.0,2.75,2.75,1,3.0,"{'均线多头排列': 1, '确认加仓': 1, '趋势满仓': 1, '移动止损(最高=2.89)': 1}",2023-01-03,2026-08-13,875,,"[{'date': '2023-04-11', 'type': 'buy', 'signal': '均线多头排列', 'price': 2.4551, 'stage': 1, 'stage_name': '试仓(38600股)'}, {'date': '2023-04-14', 'type': 'buy', 'signal': '确认加仓', 'price': 2.4955, 'stage': 2, 'stage_name': '确认(加103300股)'}, {'date': '2023-04-19', 'type': 'buy', 'signal': '趋势满仓', 'price': 2.5682, 'stage': 3, 'stage_name': '满仓(加119500股)'}, {'date': '2023-05-19', 'type': 'sell', 'signal': '移动止损(最高=2.89)', 'price': 2.657, 'stage': 3}]","[{'entry_date': '2023-04-12', 'exit_date': '2023-05-22', 'entry_price': 2.5222673680183623, 'exit_stage': 3, 'pnl': 27545.7, 'return_pct': 2.75, 'hold_days': 25}]"
sh.601868,2021-09-28,1023963.33,2.4,-2.314,5.86,2.37,1,1,0,100.0,3,1,45.0,2.4,2.4,1,3.0,"{'均线多头排列': 1, '确认加仓': 1, '趋势满仓': 1, '移动止损(最高=2.64)': 1}",2023-01-03,2026-08-13,875,,"[{'date': '2023-03-30', 'type': 'buy', 'signal': '均线多头排列', 'price': 2.3186, 'stage': 1, 'stage_name': '试仓(40900股)'}, {'date': '2023-04-04', 'type': 'buy', 'signal': '确认加仓', 'price': 2.3953, 'stage': 2, 'stage_name': '确认(加107700股)'}, {'date': '2023-04-04', 'type': 'buy', 'signal': '趋势满仓', 'price': 2.3953, 'stage': 3, 'stage_name': '满仓(加179600股)'}, {'date': '2023-05-12', 'type': 'sell', 'signal': '移动止损(最高=2.64)', 'price': 2.4528, 'stage': 3}]","[{'entry_date': '2023-03-31', 'exit_date': '2023-05-15', 'entry_price': 2.3749578305911028, 'exit_stage': 3, 'pnl': 23963.33, 'return_pct': 2.4, 'hold_days': 27}]"
sz.003816,2019-08-26,1016802.24,1.68,-3.546,6.49,1.67,1,1,0,100.0,3,1,68.0,1.68,1.68,1,3.0,"{'均线多头排列': 1, '确认加仓': 1, '趋势满仓': 1, '移动止损(最高=2.96)': 1}",2023-01-03,2026-08-13,875,,"[{'date': '2023-03-30', 'type': 'buy', 'signal': '均线多头排列', 'price': 2.6187, 'stage': 1, 'stage_name': '试仓(36200股)'}, {'date': '2023-04-04', 'type': 'buy', 'signal': '确认加仓', 'price': 2.6551, 'stage': 2, 'stage_name': '确认(加97100股)'}, {'date': '2023-04-04', 'type': 'buy', 'signal': '趋势满仓', 'price': 2.6551, 'stage': 3, 'stage_name': '满仓(加161900股)'}, {'date': '2023-06-06', 'type': 'sell', 'signal': '移动止损(最高=2.96)', 'price': 2.7278, 'stage': 3}]","[{'entry_date': '2023-03-31', 'exit_date': '2023-06-07', 'entry_price': 2.6654885501355015, 'exit_stage': 3, 'pnl': 16802.24, 'return_pct': 1.68, 'hold_days': 44}]"
sz.002602,2011-07-28,1013219.5,1.32,-4.664,5.64,1.31,1,1,0,100.0,3,1,9.0,1.32,1.32,1,3.0,"{'均线多头排列': 1, '确认加仓': 1, '趋势满仓': 1, '移动止损(最高=6.47)': 1}",2023-01-03,2026-08-13,873,,"[{'date': '2023-03-28', 'type': 'buy', 'signal': '均线多头排列', 'price': 5.5275, 'stage': 1, 'stage_name': '试仓(17100股)'}, {'date': '2023-03-31', 'type': 'buy', 'signal': '确认加仓', 'price': 5.9956, 'stage': 2, 'stage_name': '确认(加43000股)'}, {'date': '2023-03-31', 'type': 'buy', 'signal': '趋势满仓', 'price': 5.9956, 'stage': 3, 'stage_name': '满仓(加71800股)'}, {'date': '2023-04-06', 'type': 'sell', 'signal': '移动止损(最高=6.47)', 'price': 6.0155, 'stage': 3}]","[{'entry_date': '2023-03-29', 'exit_date': '2023-04-07', 'entry_price': 5.933197725549659, 'exit_stage': 3, 'pnl': 13219.5, 'return_pct': 1.32, 'hold_days': 6}]"
sz.300059,2010-03-19,1009914.53,0.99,-6.411,0.32,0.99,1,1,0,100.0,1,1,3.0,0.99,0.99,0,1.0,"{'红杏出墙': 1, '空头排列下跌': 1}",2023-01-03,2026-08-13,875,,"[{'date': '2023-03-31', 'type': 'buy', 'signal': '红杏出墙', 'price': 16.4506, 'stage': 1, 'stage_name': '试仓(5700股)'}, {'date': '2023-04-04', 'type': 'sell', 'signal': '空头排列下跌', 'price': 18.6435, 'stage': 1}]","[{'entry_date': '2023-04-03', 'exit_date': '2023-04-06', 'entry_price': 16.467, 'exit_stage': 1, 'pnl': 9914.53, 'return_pct': 0.99, 'hold_days': 2}]"
sh.601229,2016-11-16,1009115.63,0.91,-7.023,5.42,0.91,1,1,0,100.0,3,1,51.0,0.91,0.91,1,3.0,"{'均线多头排列': 1, '确认加仓': 1, '趋势满仓': 1, '一阴破三线': 1}",2023-01-03,2026-08-13,875,,"[{'date': '2023-04-03', 'type': 'buy', 'signal': '均线多头排列', 'price': 4.7193, 'stage': 1, 'stage_name': '试仓(20100股)'}, {'date': '2023-04-07', 'type': 'buy', 'signal': '确认加仓', 'price': 4.735, 'stage': 2, 'stage_name': '确认(加54400股)'}, {'date': '2023-04-07', 'type': 'buy', 'signal': '趋势满仓', 'price': 4.735, 'stage': 3, 'stage_name': '满仓(加90700股)'}, {'date': '2023-05-24', 'type': 'sell', 'signal': '一阴破三线', 'price': 4.8135, 'stage': 3}]","[{'entry_date': '2023-04-04', 'exit_date': '2023-05-25', 'entry_price': 4.733089769975788, 'exit_stage': 3, 'pnl': 9115.63, 'return_pct': 0.91, 'hold_days': 33}]"
sh.603986,2016-08-18,1008875.87,0.89,-7.228,2.67,0.88,1,1,0,100.0,2,1,15.0,0.89,0.89,0,2.0,"{'放量突破MA55': 1, '确认加仓': 1, '移动止损(最高=137.26)': 1}",2023-01-03,2026-08-13,875,,"[{'date': '2023-03-29', 'type': 'buy', 'signal': '放量突破MA55', 'price': 113.9074, 'stage': 1, 'stage_name': '试仓(800股)'}, {'date': '2023-04-03', 'type': 'buy', 'signal': '确认加仓', 'price': 130.2577, 'stage': 2, 'stage_name': '确认(加1900股)'}, {'date': '2023-04-13', 'type': 'sell', 'signal': '移动止损(最高=137.26)', 'price': 127.0689, 'stage': 2}]","[{'entry_date': '2023-03-30', 'exit_date': '2023-04-14', 'entry_price': 125.20119629629629, 'exit_stage': 2, 'pnl': 8875.87, 'return_pct': 0.89, 'hold_days': 10}]"
sh.601985,2015-06-10,1007720.28,0.77,-8.397,6.02,0.77,1,1,0,100.0,3,1,68.0,0.77,0.77,1,3.0,"{'均线多头排列': 1, '确认加仓': 1, '趋势满仓': 1, '移动止损(最高=6.67)': 1}",2023-01-03,2026-08-13,875,,"[{'date': '2023-03-30', 'type': 'buy', 'signal': '均线多头排列', 'price': 5.9534, 'stage': 1, 'stage_name': '试仓(15900股)'}, {'date': '2023-04-04', 'type': 'buy', 'signal': '确认加仓', 'price': 6.1288, 'stage': 2, 'stage_name': '确认(加42000股)'}, {'date': '2023-04-04', 'type': 'buy', 'signal': '趋势满仓', 'price': 6.1288, 'stage': 3, 'stage_name': '满仓(加70100股)'}, {'date': '2023-06-06', 'type': 'sell', 'signal': '移动止损(最高=6.67)', 'price': 6.1841, 'stage': 3}]","[{'entry_date': '2023-03-31', 'exit_date': '2023-06-07', 'entry_price': 6.1023081249999995, 'exit_stage': 3, 'pnl': 7720.28, 'return_pct': 0.77, 'hold_days': 44}]"
sh.600958,2015-03-23,1007429.45,0.74,-8.748,0.12,0.74,1,1,0,100.0,1,1,3.0,0.74,0.74,0,1.0,"{'红杏出墙': 1, '空头排列下跌': 1}",2023-01-03,2026-08-13,865,,"[{'date': '2023-03-31', 'type': 'buy', 'signal': '红杏出墙', 'price': 8.9993, 'stage': 1, 'stage_name': '试仓(10500股)'}, {'date': '2023-04-04', 'type': 'sell', 'signal': '空头排列下跌', 'price': 9.7439, 'stage': 1}]","[{'entry_date': '2023-04-03', 'exit_date': '2023-04-06', 'entry_price': 8.9534, 'exit_stage': 1, 'pnl': 7429.45, 'return_pct': 0.74, 'hold_days': 2}]"
sz.300476,2015-06-11,1005896.37,0.59,-11.173,1.19,0.59,1,1,0,100.0,1,1,5.0,0.59,0.59,0,1.0,"{'均线多头排列': 1, '移动止损(最高=21.86)': 1}",2023-01-03,2026-08-13,875,,"[{'date': '2023-04-04', 'type': 'buy', 'signal': '均线多头排列', 'price': 18.6346, 'stage': 1, 'stage_name': '试仓(5000股)'}, {'date': '2023-04-10', 'type': 'sell', 'signal': '移动止损(最高=21.86)', 'price': 19.4427, 'stage': 1}]","[{'entry_date': '2023-04-06', 'exit_date': '2023-04-11', 'entry_price': 18.2549, 'exit_stage': 1, 'pnl': 5896.37, 'return_pct': 0.59, 'hold_days': 3}]"
sz.300124,2010-09-28,1005542.95,0.55,-11.922,5.14,0.55,1,1,0,100.0,3,1,67.0,0.55,0.55,1,3.0,"{'红杏出墙': 1, '确认加仓': 1, '趋势满仓': 1, '移动止损(最高=70.15)': 1}",2023-01-03,2026-08-13,875,,"[{'date': '2023-06-15', 'type': 'buy', 'signal': '红杏出墙', 'price': 61.6434, 'stage': 1, 'stage_name': '试仓(1500股)'}, {'date': '2023-06-20', 'type': 'buy', 'signal': '确认加仓', 'price': 63.1323, 'stage': 2, 'stage_name': '确认(加4000股)'}, {'date': '2023-07-05', 'type': 'buy', 'signal': '趋势满仓', 'price': 69.0586, 'stage': 3, 'stage_name': '满仓(加4400股)'}, {'date': '2023-08-21', 'type': 'sell', 'signal': '移动止损(最高=70.15)', 'price': 64.6996, 'stage': 3}]","[{'entry_date': '2023-06-16', 'exit_date': '2023-08-22', 'entry_price': 65.13524444444444, 'exit_stage': 3, 'pnl': 5542.95, 'return_pct': 0.55, 'hold_days': 45}]"
sh.600346,2001-08-20,1005280.17,0.53,-12.544,0.04,0.53,1,1,0,100.0,1,1,3.0,0.53,0.53,0,1.0,"{'红杏出墙': 1, '空头排列下跌': 1}",2023-01-03,2026-08-13,875,,"[{'date': '2023-04-10', 'type': 'buy', 'signal': '红杏出墙', 'price': 14.8718, 'stage': 1, 'stage_name': '试仓(6300股)'}, {'date': '2023-04-13', 'type': 'sell', 'signal': '空头排列下跌', 'price': 15.8138, 'stage': 1}]","[{'entry_date': '2023-04-11', 'exit_date': '2023-04-14', 'entry_price': 14.9541, 'exit_stage': 1, 'pnl': 5280.17, 'return_pct': 0.53, 'hold_days': 3}]"
sh.600196,1998-08-07,1004355.76,0.44,-15.328,0.24,0.43,1,1,0,100.0,2,1,8.0,0.44,0.44,0,2.0,"{'红杏出墙': 1, '确认加仓': 1, '空头排列下跌': 1}",2023-01-03,2026-08-13,875,,"[{'date': '2023-03-31', 'type': 'buy', 'signal': '红杏出墙', 'price': 30.6698, 'stage': 1, 'stage_name': '试仓(3000股)'}, {'date': '2023-04-06', 'type': 'buy', 'signal': '确认加仓', 'price': 31.7208, 'stage': 2, 'stage_name': '确认(加8100股)'}, {'date': '2023-04-10', 'type': 'sell', 'signal': '空头排列下跌', 'price': 32.0428, 'stage': 2}]","[{'entry_date': '2023-04-03', 'exit_date': '2023-04-11', 'entry_price': 31.58675945945946, 'exit_stage': 2, 'pnl': 4355.76, 'return_pct': 0.44, 'hold_days': 5}]"
sh.601088,2007-10-09,1004204.69,0.42,-15.9,5.25,0.42,1,1,0,100.0,3,1,45.0,0.42,0.42,1,3.0,"{'放量突破MA55': 1, '确认加仓': 1, '趋势满仓': 1, '移动止损(最高=24.93)': 1}",2023-01-03,2026-08-13,865,,"[{'date': '2023-04-13', 'type': 'buy', 'signal': '放量突破MA55', 'price': 22.1365, 'stage': 1, 'stage_name': '试仓(4200股)'}, {'date': '2023-04-18', 'type': 'buy', 'signal': '确认加仓', 'price': 23.0794, 'stage': 2, 'stage_name': '确认(加11100股)'}, {'date': '2023-04-21', 'type': 'buy', 'signal': '趋势满仓', 'price': 22.8123, 'stage': 3, 'stage_name': '满仓(加13500股)'}, {'date': '2023-05-26', 'type': 'sell', 'signal': '移动止损(最高=24.93)', 'price': 23.0244, 'stage': 3}]","[{'entry_date': '2023-04-14', 'exit_date': '2023-05-29', 'entry_price': 22.832546875, 'exit_stage': 3, 'pnl': 4204.69, 'return_pct': 0.42, 'hold_days': 28}]"
sh.601628,2007-01-09,1003978.13,0.4,-16.838,0.08,0.4,1,1,0,100.0,1,1,2.0,0.4,0.4,0,1.0,"{'红杏出墙': 1, '空头排列下跌': 1}",2023-01-03,2026-08-13,875,,"[{'date': '2023-04-17', 'type': 'buy', 'signal': '红杏出墙', 'price': 32.9406, 'stage': 1, 'stage_name': '试仓(2800股)'}, {'date': '2023-04-19', 'type': 'sell', 'signal': '空头排列下跌', 'price': 34.3724, 'stage': 1}]","[{'entry_date': '2023-04-18', 'exit_date': '2023-04-20', 'entry_price': 32.8751, 'exit_stage': 1, 'pnl': 3978.13, 'return_pct': 0.4, 'hold_days': 2}]"
sz.002532,2010-12-31,1003747.52,0.37,-17.91,0.19,0.37,1,1,0,100.0,1,1,2.0,0.37,0.37,0,1.0,"{'红杏出墙': 1, '空头排列下跌': 1}",2023-01-03,2026-08-13,875,,"[{'date': '2023-04-14', 'type': 'buy', 'signal': '红杏出墙', 'price': 7.0039, 'stage': 1, 'stage_name': '试仓(13500股)'}, {'date': '2023-04-18', 'type': 'sell', 'signal': '空头排列下跌', 'price': 7.3127, 'stage': 1}]","[{'entry_date': '2023-04-17', 'exit_date': '2023-04-19', 'entry_price': 7.0568, 'exit_stage': 1, 'pnl': 3747.52, 'return_pct': 0.37, 'hold_days': 2}]"
sz.002475,2010-09-15,1003301.04,0.33,-20.411,1.67,0.33,1,1,0,100.0,2,1,8.0,0.33,0.33,0,2.0,"{'放量突破MA55': 1, '确认加仓': 1, 'MA13死叉MA55': 1}",2023-01-03,2026-08-13,875,,"[{'date': '2023-04-04', 'type': 'buy', 'signal': '放量突破MA55', 'price': 30.0693, 'stage': 1, 'stage_name': '试仓(3100股)'}, {'date': '2023-04-10', 'type': 'buy', 'signal': '确认加仓', 'price': 30.0302, 'stage': 2, 'stage_name': '确认(加8600股)'}, {'date': '2023-04-13', 'type': 'sell', 'signal': 'MA13死叉MA55', 'price': 29.8348, 'stage': 2}]","[{'entry_date': '2023-04-06', 'exit_date': '2023-04-14', 'entry_price': 29.57127606837607, 'exit_stage': 2, 'pnl': 3301.04, 'return_pct': 0.33, 'hold_days': 6}]"
sh.601336,2011-12-16,1003009.32,0.3,-22.445,0.07,0.3,1,1,0,100.0,1,1,4.0,0.3,0.3,0,1.0,"{'红杏出墙': 1, '空头排列下跌': 1}",2023-01-03,2026-08-13,875,,"[{'date': '2023-03-31', 'type': 'buy', 'signal': '红杏出墙', 'price': 26.5474, 'stage': 1, 'stage_name': '试仓(3500股)'}, {'date': '2023-04-06', 'type': 'sell', 'signal': '空头排列下跌', 'price': 27.4961, 'stage': 1}]","[{'entry_date': '2023-04-03', 'exit_date': '2023-04-07', 'entry_price': 26.5909, 'exit_stage': 1, 'pnl': 3009.32, 'return_pct': 0.3, 'hold_days': 3}]"
sh.601689,2015-03-19,1002968.26,0.3,-22.764,0.23,0.3,1,1,0,100.0,1,1,2.0,0.3,0.3,0,1.0,"{'红杏出墙': 1, '空头排列下跌': 1}",2023-01-03,2026-08-13,875,,"[{'date': '2023-03-28', 'type': 'buy', 'signal': '红杏出墙', 'price': 41.606, 'stage': 1, 'stage_name': '试仓(2200股)'}, {'date': '2023-03-30', 'type': 'sell', 'signal': '空头排列下跌', 'price': 42.6796, 'stage': 1}]","[{'entry_date': '2023-03-29', 'exit_date': '2023-03-31', 'entry_price': 41.5793, 'exit_stage': 1, 'pnl': 2968.26, 'return_pct': 0.3, 'hold_days': 2}]"
sz.000999,2000-03-09,1003004.56,0.3,-22.482,6.12,0.3,1,1,0,100.0,3,1,23.0,0.3,0.3,1,3.0,"{'均线多头排列': 1, '确认加仓': 1, '趋势满仓': 1, '移动止损(最高=31.74)': 1}",2023-01-03,2026-08-13,875,,"[{'date': '2023-03-27', 'type': 'buy', 'signal': '均线多头排列', 'price': 27.3167, 'stage': 1, 'stage_name': '试仓(3400股)'}, {'date': '2023-03-30', 'type': 'buy', 'signal': '确认加仓', 'price': 29.3935, 'stage': 2, 'stage_name': '确认(加8700股)'}, {'date': '2023-03-30', 'type': 'buy', 'signal': '趋势满仓', 'price': 29.3935, 'stage': 3, 'stage_name': '满仓(加14600股)'}, {'date': '2023-04-19', 'type': 'sell', 'signal': '移动止损(最高=31.74)', 'price': 29.3776, 'stage': 3}]","[{'entry_date': '2023-03-28', 'exit_date': '2023-04-20', 'entry_price': 29.143112359550564, 'exit_stage': 3, 'pnl': 3004.56, 'return_pct': 0.3, 'hold_days': 16}]"
sz.002179,2007-11-01,1002885.41,0.29,-23.434,0.12,0.29,1,1,0,100.0,1,1,5.0,0.29,0.29,0,1.0,"{'红杏出墙': 1, '空头排列下跌': 1}",2023-01-03,2026-08-13,875,,"[{'date': '2023-04-04', 'type': 'buy', 'signal': '红杏出墙', 'price': 39.0741, 'stage': 1, 'stage_name': '试仓(2400股)'}, {'date': '2023-04-10', 'type': 'sell', 'signal': '空头排列下跌', 'price': 40.5513, 'stage': 1}]","[{'entry_date': '2023-04-06', 'exit_date': '2023-04-11', 'entry_price': 39.0814, 'exit_stage': 1, 'pnl': 2885.41, 'return_pct': 0.29, 'hold_days': 3}]"
sh.601838,2018-01-31,1002784.96,0.28,-24.3,0.23,0.28,1,1,0,100.0,2,1,6.0,0.28,0.28,0,2.0,"{'红杏出墙': 1, '确认加仓': 1, '空头排列下跌': 1}",2023-01-03,2026-08-13,875,,"[{'date': '2023-04-13', 'type': 'buy', 'signal': '红杏出墙', 'price': 10.9816, 'stage': 1, 'stage_name': '试仓(8600股)'}, {'date': '2023-04-18', 'type': 'buy', 'signal': '确认加仓', 'price': 11.506, 'stage': 2, 'stage_name': '确认(加22400股)'}, {'date': '2023-04-19', 'type': 'sell', 'signal': '空头排列下跌', 'price': 11.4818, 'stage': 2}]","[{'entry_date': '2023-04-14', 'exit_date': '2023-04-20', 'entry_price': 11.401347096774193, 'exit_stage': 2, 'pnl': 2784.96, 'return_pct': 0.28, 'hold_days': 4}]"
sh.601898,2008-02-01,1002536.3,0.25,-26.739,0.4,0.25,1,1,0,100.0,2,1,6.0,0.25,0.25,0,2.0,"{'红杏出墙': 1, '确认加仓': 1, '空头排列下跌': 1}",2023-01-03,2026-08-13,875,,"[{'date': '2023-04-17', 'type': 'buy', 'signal': '红杏出墙', 'price': 7.1631, 'stage': 1, 'stage_name': '试仓(13200股)'}, {'date': '2023-04-20', 'type': 'buy', 'signal': '确认加仓', 'price': 7.6934, 'stage': 2, 'stage_name': '确认(加33500股)'}, {'date': '2023-04-21', 'type': 'sell', 'signal': '空头排列下跌', 'price': 7.5804, 'stage': 2}]","[{'entry_date': '2023-04-18', 'exit_date': '2023-04-24', 'entry_price': 7.519680728051391, 'exit_stage': 2, 'pnl': 2536.3, 'return_pct': 0.25, 'hold_days': 4}]"
sz.000776,1997-06-11,1002427.67,0.24,-27.961,0.1,0.24,1,1,0,100.0,1,1,4.0,0.24,0.24,0,1.0,"{'红杏出墙': 1, '空头排列下跌': 1}",2023-01-03,2026-08-13,875,,"[{'date': '2023-03-31', 'type': 'buy', 'signal': '红杏出墙', 'price': 14.2192, 'stage': 1, 'stage_name': '试仓(6600股)'}, {'date': '2023-04-06', 'type': 'sell', 'signal': '空头排列下跌', 'price': 14.6611, 'stage': 1}]","[{'entry_date': '2023-04-03', 'exit_date': '2023-04-07', 'entry_price': 14.2373, 'exit_stage': 1, 'pnl': 2427.67, 'return_pct': 0.24, 'hold_days': 3}]"
sz.002594,2011-06-30,1001950.61,0.2,-34.941,0.05,0.19,1,1,0,100.0,1,1,4.0,0.2,0.2,0,1.0,"{'红杏出墙': 1, '空头排列下跌': 1}",2023-01-03,2026-08-13,875,,"[{'date': '2023-03-29', 'type': 'buy', 'signal': '红杏出墙', 'price': 79.9504, 'stage': 1, 'stage_name': '试仓(1100股)'}, {'date': '2023-03-31', 'type': 'sell', 'signal': '空头排列下跌', 'price': 82.6358, 'stage': 1}]","[{'entry_date': '2023-03-30', 'exit_date': '2023-04-03', 'entry_price': 80.6928, 'exit_stage': 1, 'pnl': 1950.61, 'return_pct': 0.2, 'hold_days': 2}]"
sz.300896,2020-09-28,1001611.44,0.16,-42.417,0.06,0.16,1,1,0,100.0,1,1,5.0,0.16,0.16,0,1.0,"{'红杏出墙': 1, '空头排列下跌': 1}",2023-01-03,2026-08-13,875,,"[{'date': '2023-03-28', 'type': 'buy', 'signal': '红杏出墙', 'price': 373.8388, 'stage': 1, 'stage_name': '试仓(200股)'}, {'date': '2023-03-31', 'type': 'sell', 'signal': '空头排列下跌', 'price': 378.7258, 'stage': 1}]","[{'entry_date': '2023-03-29', 'exit_date': '2023-04-03', 'entry_price': 372.7949, 'exit_stage': 1, 'pnl': 1611.44, 'return_pct': 0.16, 'hold_days': 3}]"
sz.000001,1991-04-03,1001599.33,0.16,-42.742,0.11,0.16,1,1,0,100.0,1,1,3.0,0.16,0.16,0,1.0,"{'红杏出墙': 1, '空头排列下跌': 1}",2023-01-03,2026-08-13,875,,"[{'date': '2023-04-14', 'type': 'buy', 'signal': '红杏出墙', 'price': 10.4012, 'stage': 1, 'stage_name': '试仓(9100股)'}, {'date': '2023-04-19', 'type': 'sell', 'signal': '空头排列下跌', 'price': 10.5323, 'stage': 1}]","[{'entry_date': '2023-04-17', 'exit_date': '2023-04-20', 'entry_price': 10.3766, 'exit_stage': 1, 'pnl': 1599.33, 'return_pct': 0.16, 'hold_days': 3}]"
sh.600221,1999-11-25,1001425.66,0.14,-48.019,0.12,0.14,1,1,0,100.0,1,1,3.0,0.14,0.14,0,1.0,"{'红杏出墙': 1, '空头排列下跌': 1}",2023-01-03,2026-08-13,875,,"[{'date': '2023-03-31', 'type': 'buy', 'signal': '红杏出墙', 'price': 1.76, 'stage': 1, 'stage_name': '试仓(53900股)'}, {'date': '2023-04-04', 'type': 'sell', 'signal': '空头排列下跌', 'price': 1.79, 'stage': 1}]","[{'entry_date': '2023-04-03', 'exit_date': '2023-04-06', 'entry_price': 1.76, 'exit_stage': 1, 'pnl': 1425.66, 'return_pct': 0.14, 'hold_days': 2}]"
sh.688472,2023-06-09,1001096.56,0.11,-62.604,0.13,0.11,1,1,0,100.0,1,1,2.0,0.11,0.11,0,1.0,"{'红杏出墙': 1, '空头排列下跌': 1}",2023-06-09,2026-08-13,771,,"[{'date': '2023-11-03', 'type': 'buy', 'signal': '红杏出墙', 'price': 12.8225, 'stage': 1, 'stage_name': '试仓(7400股)'}, {'date': '2023-11-07', 'type': 'sell', 'signal': '空头排列下跌', 'price': 13.0545, 'stage': 1}]","[{'entry_date': '2023-11-06', 'exit_date': '2023-11-08', 'entry_price': 12.8708, 'exit_stage': 1, 'pnl': 1096.56, 'return_pct': 0.11, 'hold_days': 2}]"
sh.601009,2007-07-19,1001055.9,0.11,-65.037,0.02,0.11,1,1,0,100.0,1,1,3.0,0.11,0.11,0,1.0,"{'红杏出墙': 1, '空头排列下跌': 1}",2023-01-03,2026-08-13,875,,"[{'date': '2023-04-14', 'type': 'buy', 'signal': '红杏出墙', 'price': 7.3333, 'stage': 1, 'stage_name': '试仓(12900股)'}, {'date': '2023-04-19', 'type': 'sell', 'signal': '空头排列下跌', 'price': 7.4138, 'stage': 1}]","[{'entry_date': '2023-04-17', 'exit_date': '2023-04-20', 'entry_price': 7.3253, 'exit_stage': 1, 'pnl': 1055.9, 'return_pct': 0.11, 'hold_days': 3}]"
sh.600460,2003-03-11,1000756.24,0.08,-91.037,4.26,0.08,1,1,0,100.0,3,1,15.0,0.08,0.08,1,3.0,"{'均线多头排列': 1, '确认加仓': 1, '趋势满仓': 1, '移动止损(最高=41.07)': 1}",2023-01-03,2026-08-13,875,,"[{'date': '2023-03-29', 'type': 'buy', 'signal': '均线多头排列', 'price': 35.6406, 'stage': 1, 'stage_name': '试仓(2600股)'}, {'date': '2023-04-03', 'type': 'buy', 'signal': '确认加仓', 'price': 37.2592, 'stage': 2, 'stage_name': '确认(加6900股)'}, {'date': '2023-04-12', 'type': 'buy', 'signal': '趋势满仓', 'price': 39.861, 'stage': 3, 'stage_name': '满仓(加7700股)'}, {'date': '2023-04-13', 'type': 'sell', 'signal': '移动止损(最高=41.07)', 'price': 37.7558, 'stage': 3}]","[{'entry_date': '2023-03-30', 'exit_date': '2023-04-14', 'entry_price': 37.95350581395349, 'exit_stage': 3, 'pnl': 756.24, 'return_pct': 0.08, 'hold_days': 10}]"
sz.300015,2009-10-30,1000642.23,0.06,-107.301,0.14,0.06,1,1,0,100.0,1,1,2.0,0.06,0.06,0,1.0,"{'红杏出墙': 1, '空头排列下跌': 1}",2023-01-03,2026-08-13,875,,"[{'date': '2023-03-27', 'type': 'buy', 'signal': '红杏出墙', 'price': 22.4441, 'stage': 1, 'stage_name': '试仓(4200股)'}, {'date': '2023-03-29', 'type': 'sell', 'signal': '空头排列下跌', 'price': 22.6569, 'stage': 1}]","[{'entry_date': '2023-03-28', 'exit_date': '2023-03-30', 'entry_price': 22.4955, 'exit_stage': 1, 'pnl': 642.23, 'return_pct': 0.06, 'hold_days': 2}]"
sz.300661,2017-06-06,1000574.01,0.06,-120.121,0.01,0.06,1,1,0,100.0,1,1,3.0,0.06,0.06,0,1.0,"{'红杏出墙': 1, '空头排列下跌': 1}",2023-01-03,2026-08-13,875,,"[{'date': '2023-03-30', 'type': 'buy', 'signal': '红杏出墙', 'price': 91.535, 'stage': 1, 'stage_name': '试仓(1000股)'}, {'date': '2023-03-31', 'type': 'sell', 'signal': '空头排列下跌', 'price': 91.0656, 'stage': 1}]","[{'entry_date': '2023-03-31', 'exit_date': '2023-04-03', 'entry_price': 91.0656, 'exit_stage': 1, 'pnl': 574.01, 'return_pct': 0.06, 'hold_days': 1}]"
sz.300760,2018-10-16,1000235.7,0.02,-293.369,0.07,0.02,1,1,0,100.0,1,1,5.0,0.02,0.02,0,1.0,"{'红杏出墙': 1, '空头排列下跌': 1}",2023-01-03,2026-08-13,875,,"[{'date': '2023-03-28', 'type': 'buy', 'signal': '红杏出墙', 'price': 281.6654, 'stage': 1, 'stage_name': '试仓(300股)'}, {'date': '2023-03-31', 'type': 'sell', 'signal': '空头排列下跌', 'price': 285.4011, 'stage': 1}]","[{'entry_date': '2023-03-29', 'exit_date': '2023-04-03', 'entry_price': 284.046, 'exit_stage': 1, 'pnl': 235.7, 'return_pct': 0.02, 'hold_days': 3}]"
sz.000963,2000-01-27,1000058.21,0.01,-1189.676,0.23,0.01,1,1,0,100.0,1,1,5.0,0.01,0.01,0,1.0,"{'红杏出墙': 1, '空头排列下跌': 1}",2023-01-03,2026-08-13,875,,"[{'date': '2023-03-28', 'type': 'buy', 'signal': '红杏出墙', 'price': 42.0564, 'stage': 1, 'stage_name': '试仓(2200股)'}, {'date': '2023-03-31', 'type': 'sell', 'signal': '空头排列下跌', 'price': 42.7482, 'stage': 1}]","[{'entry_date': '2023-03-29', 'exit_date': '2023-04-03', 'entry_price': 42.0656, 'exit_stage': 1, 'pnl': 58.21, 'return_pct': 0.01, 'hold_days': 3}]"
sh.603799,2015-01-29,1000114.11,0.01,-606.581,0.0,0.01,1,1,0,100.0,1,1,1.0,0.01,0.01,0,1.0,"{'红杏出墙': 1, '空头排列下跌': 1}",2023-01-03,2026-08-13,875,,"[{'date': '2023-04-17', 'type': 'buy', 'signal': '红杏出墙', 'price': 52.4625, 'stage': 1, 'stage_name': '试仓(1800股)'}, {'date': '2023-04-18', 'type': 'sell', 'signal': '空头排列下跌', 'price': 52.4251, 'stage': 1}]","[{'entry_date': '2023-04-18', 'exit_date': '2023-04-19', 'entry_price': 52.369, 'exit_stage': 1, 'pnl': 114.11, 'return_pct': 0.01, 'hold_days': 1}]"
sz.000657,1996-12-05,1000019.94,0.0,-3473.091,0.05,0.0,1,0,1,0.0,1,1,1.0,0.0,0.0,0,1.0,"{'红杏出墙': 1, '空头排列下跌': 1}",2023-01-03,2026-08-13,865,,"[{'date': '2023-04-12', 'type': 'buy', 'signal': '红杏出墙', 'price': 10.028, 'stage': 1, 'stage_name': '试仓(9400股)'}, {'date': '2023-04-13', 'type': 'sell', 'signal': '空头排列下跌', 'price': 9.9837, 'stage': 1}]","[{'entry_date': '2023-04-13', 'exit_date': '2023-04-14', 'entry_price': 10.028, 'exit_stage': 1, 'pnl': 19.94, 'return_pct': 0.0, 'hold_days': 1}]"
sz.002311,2009-11-27,999964.76,-0.0,-1966.594,0.08,-0.0,1,0,1,0.0,1,1,4.0,-0.0,-0.0,0,1.0,"{'红杏出墙': 1, '空头排列下跌': 1}",2023-01-03,2026-08-13,875,,"[{'date': '2023-06-15', 'type': 'buy', 'signal': '红杏出墙', 'price': 46.2067, 'stage': 1, 'stage_name': '试仓(2000股)'}, {'date': '2023-06-19', 'type': 'sell', 'signal': '空头排列下跌', 'price': 46.0853, 'stage': 1}]","[{'entry_date': '2023-06-16', 'exit_date': '2023-06-20', 'entry_price': 46.1226, 'exit_stage': 1, 'pnl': -35.24, 'return_pct': -0.0, 'hold_days': 2}]"
sz.002714,2014-01-28,1000044.92,0.0,-1541.857,0.0,0.0,1,0,1,0.0,1,1,1.0,0.0,0.0,0,1.0,"{'红杏出墙': 1, '空头排列下跌': 1}",2023-01-03,2026-08-13,875,,"[{'date': '2023-03-27', 'type': 'buy', 'signal': '红杏出墙', 'price': 44.7516, 'stage': 1, 'stage_name': '试仓(2100股)'}, {'date': '2023-03-28', 'type': 'sell', 'signal': '空头排列下跌', 'price': 44.7054, 'stage': 1}]","[{'entry_date': '2023-03-28', 'exit_date': '2023-03-29', 'entry_price': 44.65, 'exit_stage': 1, 'pnl': 44.92, 'return_pct': 0.0, 'hold_days': 1}]"
sh.600926,2016-10-27,999893.52,-0.01,-651.248,0.07,-0.01,1,0,1,0.0,1,1,3.0,-0.01,-0.01,0,1.0,"{'红杏出墙': 1, '空头排列下跌': 1}",2023-01-03,2026-08-13,875,,"[{'date': '2023-03-31', 'type': 'buy', 'signal': '红杏出墙', 'price': 9.9084, 'stage': 1, 'stage_name': '试仓(9500股)'}, {'date': '2023-04-04', 'type': 'sell', 'signal': '空头排列下跌', 'price': 9.934, 'stage': 1}]","[{'entry_date': '2023-04-03', 'exit_date': '2023-04-06', 'entry_price': 9.8998, 'exit_stage': 1, 'pnl': -106.48, 'return_pct': -0.01, 'hold_days': 2}]"
sz.000807,1998-04-08,999602.02,-0.04,-174.663,0.04,-0.04,1,0,1,0.0,1,1,1.0,-0.04,-0.04,0,1.0,"{'MA13金叉MA55': 1, '一阴破三线': 1}",2023-01-03,2026-08-13,875,,"[{'date': '2023-04-04', 'type': 'buy', 'signal': 'MA13金叉MA55', 'price': 12.194, 'stage': 1, 'stage_name': '试仓(7700股)'}, {'date': '2023-04-06', 'type': 'sell', 'signal': '一阴破三线', 'price': 12.0288, 'stage': 1}]","[{'entry_date': '2023-04-06', 'exit_date': '2023-04-07', 'entry_price': 12.0564, 'exit_stage': 1, 'pnl': -397.98, 'return_pct': -0.04, 'hold_days': 1}]"
sh.600999,2009-11-17,999609.04,-0.04,-177.789,0.04,-0.04,1,0,1,0.0,1,1,3.0,-0.04,-0.04,0,1.0,"{'红杏出墙': 1, '空头排列下跌': 1}",2023-01-03,2026-08-13,875,,"[{'date': '2023-03-30', 'type': 'buy', 'signal': '红杏出墙', 'price': 12.6797, 'stage': 1, 'stage_name': '试仓(7400股)'}, {'date': '2023-03-31', 'type': 'sell', 'signal': '空头排列下跌', 'price': 12.6339, 'stage': 1}]","[{'entry_date': '2023-03-31', 'exit_date': '2023-04-03', 'entry_price': 12.6797, 'exit_stage': 1, 'pnl': -390.96, 'return_pct': -0.04, 'hold_days': 1}]"
sh.600009,1998-02-18,999467.16,-0.05,-130.601,0.05,-0.05,1,0,1,0.0,1,1,1.0,-0.05,-0.05,0,1.0,"{'红杏出墙': 1, '空头排列下跌': 1}",2023-01-03,2026-08-13,875,,"[{'date': '2023-04-04', 'type': 'buy', 'signal': '红杏出墙', 'price': 55.3288, 'stage': 1, 'stage_name': '试仓(1700股)'}, {'date': '2023-04-06', 'type': 'sell', 'signal': '空头排列下跌', 'price': 55.1064, 'stage': 1}]","[{'entry_date': '2023-04-06', 'exit_date': '2023-04-07', 'entry_price': 55.3191, 'exit_stage': 1, 'pnl': -532.84, 'return_pct': -0.05, 'hold_days': 1}]"
sh.600741,1996-08-26,999533.64,-0.05,-149.137,0.05,-0.05,1,0,1,0.0,1,1,1.0,-0.05,-0.05,0,1.0,"{'红杏出墙': 1, '空头排列下跌': 1}",2023-01-03,2026-08-13,875,,"[{'date': '2023-04-17', 'type': 'buy', 'signal': '红杏出墙', 'price': 13.7952, 'stage': 1, 'stage_name': '试仓(6800股)'}, {'date': '2023-04-18', 'type': 'sell', 'signal': '空头排列下跌', 'price': 13.787, 'stage': 1}]","[{'entry_date': '2023-04-18', 'exit_date': '2023-04-19', 'entry_price': 13.8116, 'exit_stage': 1, 'pnl': -466.36, 'return_pct': -0.05, 'hold_days': 1}]"
sh.600111,1997-09-24,999351.23,-0.06,-107.367,0.07,-0.06,1,0,1,0.0,1,1,2.0,-0.06,-0.06,0,1.0,"{'红杏出墙': 1, '空头排列下跌': 1}",2023-01-03,2026-08-13,875,,"[{'date': '2023-04-03', 'type': 'buy', 'signal': '红杏出墙', 'price': 26.1312, 'stage': 1, 'stage_name': '试仓(3600股)'}, {'date': '2023-04-04', 'type': 'sell', 'signal': '空头排列下跌', 'price': 25.9539, 'stage': 1}]","[{'entry_date': '2023-04-04', 'exit_date': '2023-04-06', 'entry_price': 26.1214, 'exit_stage': 1, 'pnl': -648.77, 'return_pct': -0.06, 'hold_days': 1}]"
sh.601669,2011-10-18,999350.88,-0.06,-107.31,0.44,-0.06,1,0,1,0.0,2,1,9.0,-0.06,-0.06,0,2.0,"{'均线多头排列': 1, '确认加仓': 1, '一阴破三线': 1}",2023-01-03,2026-08-13,875,,"[{'date': '2023-03-31', 'type': 'buy', 'signal': '均线多头排列', 'price': 6.4757, 'stage': 1, 'stage_name': '试仓(14600股)'}, {'date': '2023-04-06', 'type': 'buy', 'signal': '确认加仓', 'price': 6.6483, 'stage': 2, 'stage_name': '确认(加38700股)'}, {'date': '2023-04-11', 'type': 'sell', 'signal': '一阴破三线', 'price': 6.5847, 'stage': 2}]","[{'entry_date': '2023-04-03', 'exit_date': '2023-04-12', 'entry_price': 6.592791932457786, 'exit_stage': 2, 'pnl': -649.12, 'return_pct': -0.06, 'hold_days': 6}]"
sh.600519,2001-08-27,999358.71,-0.06,-108.613,0.38,-0.06,1,0,1,0.0,2,1,6.0,-0.06,-0.06,0,2.0,"{'红杏出墙': 1, '确认加仓': 1, '空头排列下跌': 1}",2023-01-03,2026-08-13,875,,"[{'date': '2023-03-28', 'type': 'buy', 'signal': '红杏出墙', 'price': 1576.5063, 'stage': 1, 'stage_name': '试仓(100股)'}, {'date': '2023-03-31', 'type': 'buy', 'signal': '确认加仓', 'price': 1610.3051, 'stage': 2, 'stage_name': '确认(加100股)'}, {'date': '2023-04-03', 'type': 'sell', 'signal': '空头排列下跌', 'price': 1594.4409, 'stage': 2}]","[{'entry_date': '2023-03-29', 'exit_date': '2023-04-04', 'entry_price': 1603.2268, 'exit_stage': 2, 'pnl': -641.29, 'return_pct': -0.06, 'hold_days': 4}]"
sh.600016,2000-12-19,999265.44,-0.07,-94.895,0.07,-0.07,1,0,1,0.0,1,1,3.0,-0.07,-0.07,0,1.0,"{'放量突破MA55': 1, '空头排列下跌': 1}",2023-01-03,2026-08-13,875,,"[{'date': '2023-03-30', 'type': 'buy', 'signal': '放量突破MA55', 'price': 2.8298, 'stage': 1, 'stage_name': '试仓(33500股)'}, {'date': '2023-03-31', 'type': 'sell', 'signal': '空头排列下跌', 'price': 2.8054, 'stage': 1}]","[{'entry_date': '2023-03-31', 'exit_date': '2023-04-03', 'entry_price': 2.8217, 'exit_stage': 1, 'pnl': -734.56, 'return_pct': -0.07, 'hold_days': 1}]"
sz.002648,2011-12-28,999344.13,-0.07,-106.211,0.07,-0.07,1,0,1,0.0,1,1,1.0,-0.07,-0.07,0,1.0,"{'红杏出墙': 1, '空头排列下跌': 1}",2023-01-03,2026-08-13,875,,"[{'date': '2023-03-31', 'type': 'buy', 'signal': '红杏出墙', 'price': 14.8905, 'stage': 1, 'stage_name': '试仓(6300股)'}, {'date': '2023-04-03', 'type': 'sell', 'signal': '空头排列下跌', 'price': 14.8161, 'stage': 1}]","[{'entry_date': '2023-04-03', 'exit_date': '2023-04-04', 'entry_price': 14.8905, 'exit_stage': 1, 'pnl': -655.87, 'return_pct': -0.07, 'hold_days': 1}]"
sh.603392,2020-04-29,999336.48,-0.07,-104.994,0.07,-0.07,1,0,1,0.0,1,1,1.0,-0.07,-0.07,0,1.0,"{'红杏出墙': 1, '空头排列下跌': 1}",2023-01-03,2026-08-13,875,,"[{'date': '2023-04-17', 'type': 'buy', 'signal': '红杏出墙', 'price': 83.7585, 'stage': 1, 'stage_name': '试仓(1100股)'}, {'date': '2023-04-18', 'type': 'sell', 'signal': '空头排列下跌', 'price': 83.5756, 'stage': 1}]","[{'entry_date': '2023-04-18', 'exit_date': '2023-04-19', 'entry_price': 83.7163, 'exit_stage': 1, 'pnl': -663.52, 'return_pct': -0.07, 'hold_days': 1}]"
sh.601018,2010-09-28,999267.66,-0.07,-95.181,3.01,-0.07,1,0,1,0.0,3,1,46.0,-0.07,-0.07,1,3.0,"{'均线多头排列': 1, '确认加仓': 1, '趋势满仓': 1, '一阴破三线': 1}",2023-01-03,2026-08-13,875,,"[{'date': '2023-03-30', 'type': 'buy', 'signal': '均线多头排列', 'price': 3.2266, 'stage': 1, 'stage_name': '试仓(29400股)'}, {'date': '2023-04-04', 'type': 'buy', 'signal': '确认加仓', 'price': 3.2981, 'stage': 2, 'stage_name': '确认(加78100股)'}, {'date': '2023-04-14', 'type': 'buy', 'signal': '趋势满仓', 'price': 3.3338, 'stage': 3, 'stage_name': '满仓(加92200股)'}, {'date': '2023-05-15', 'type': 'sell', 'signal': '一阴破三线', 'price': 3.307, 'stage': 3}]","[{'entry_date': '2023-03-31', 'exit_date': '2023-05-16', 'entry_price': 3.304056134201302, 'exit_stage': 3, 'pnl': -732.34, 'return_pct': -0.07, 'hold_days': 28}]"
sh.600887,1996-03-12,999237.72,-0.08,-91.465,0.08,-0.08,1,0,1,0.0,1,1,1.0,-0.08,-0.08,0,1.0,"{'红杏出墙': 1, '空头排列下跌': 1}",2023-01-03,2026-08-13,875,,"[{'date': '2023-04-04', 'type': 'buy', 'signal': '红杏出墙', 'price': 24.5425, 'stage': 1, 'stage_name': '试仓(3800股)'}, {'date': '2023-04-06', 'type': 'sell', 'signal': '空头排列下跌', 'price': 24.3823, 'stage': 1}]","[{'entry_date': '2023-04-06', 'exit_date': '2023-04-07', 'entry_price': 24.5256, 'exit_stage': 1, 'pnl': -762.28, 'return_pct': -0.08, 'hold_days': 1}]"
sh.688303,2021-07-22,999163.93,-0.08,-83.444,0.13,-0.08,1,0,1,0.0,1,1,3.0,-0.08,-0.08,0,1.0,"{'放量突破MA55': 1, '一阴破三线': 1}",2023-01-03,2026-08-13,875,,"[{'date': '2023-03-31', 'type': 'buy', 'signal': '放量突破MA55', 'price': 44.3143, 'stage': 1, 'stage_name': '试仓(2100股)'}, {'date': '2023-04-04', 'type': 'sell', 'signal': '一阴破三线', 'price': 43.8496, 'stage': 1}]","[{'entry_date': '2023-04-03', 'exit_date': '2023-04-06', 'entry_price': 44.2688, 'exit_stage': 1, 'pnl': -836.07, 'return_pct': -0.08, 'hold_days': 2}]"
sz.001979,2015-12-30,999138.36,-0.09,-80.984,0.09,-0.09,1,0,1,0.0,1,1,2.0,-0.09,-0.09,0,1.0,"{'红杏出墙': 1, '空头排列下跌': 1}",2023-01-03,2026-08-13,875,,"[{'date': '2023-04-03', 'type': 'buy', 'signal': '红杏出墙', 'price': 12.9627, 'stage': 1, 'stage_name': '试仓(7300股)'}, {'date': '2023-04-04', 'type': 'sell', 'signal': '空头排列下跌', 'price': 12.9074, 'stage': 1}]","[{'entry_date': '2023-04-04', 'exit_date': '2023-04-06', 'entry_price': 12.962700000000002, 'exit_stage': 1, 'pnl': -861.64, 'return_pct': -0.09, 'hold_days': 1}]"
sh.600025,2017-12-15,999131.07,-0.09,-80.31,0.09,-0.09,1,0,1,0.0,1,1,1.0,-0.09,-0.09,0,1.0,"{'均线多头排列': 1, '一阴破三线': 1}",2023-01-03,2026-08-13,875,,"[{'date': '2023-03-28', 'type': 'buy', 'signal': '均线多头排列', 'price': 6.3879, 'stage': 1, 'stage_name': '试仓(14800股)'}, {'date': '2023-03-29', 'type': 'sell', 'signal': '一阴破三线', 'price': 6.3327, 'stage': 1}]","[{'entry_date': '2023-03-29', 'exit_date': '2023-03-30', 'entry_price': 6.3787, 'exit_stage': 1, 'pnl': -868.93, 'return_pct': -0.09, 'hold_days': 1}]"
sh.600795,1997-03-18,999075.87,-0.09,-75.548,0.11,-0.09,1,0,1,0.0,1,1,2.0,-0.09,-0.09,0,1.0,"{'红杏出墙': 1, '空头排列下跌': 1}",2023-01-03,2026-08-13,875,,"[{'date': '2023-04-10', 'type': 'buy', 'signal': '红杏出墙', 'price': 3.349, 'stage': 1, 'stage_name': '试仓(28300股)'}, {'date': '2023-04-12', 'type': 'sell', 'signal': '空头排列下跌', 'price': 3.3143, 'stage': 1}]","[{'entry_date': '2023-04-11', 'exit_date': '2023-04-13', 'entry_price': 3.3403, 'exit_stage': 1, 'pnl': -924.13, 'return_pct': -0.09, 'hold_days': 2}]"
sh.601066,2018-06-20,998956.92,-0.1,-66.998,0.11,-0.1,1,0,1,0.0,1,1,3.0,-0.1,-0.1,0,1.0,"{'放量突破MA55': 1, '空头排列下跌': 1}",2023-01-03,2026-08-13,875,,"[{'date': '2023-04-03', 'type': 'buy', 'signal': '放量突破MA55', 'price': 25.6126, 'stage': 1, 'stage_name': '试仓(3700股)'}, {'date': '2023-04-06', 'type': 'sell', 'signal': '空头排列下跌', 'price': 25.4298, 'stage': 1}]","[{'entry_date': '2023-04-04', 'exit_date': '2023-04-07', 'entry_price': 25.6222, 'exit_stage': 1, 'pnl': -1043.08, 'return_pct': -0.1, 'hold_days': 2}]"
sz.002422,2010-06-03,998986.57,-0.1,-68.941,0.16,-0.1,1,0,1,0.0,1,1,1.0,-0.1,-0.1,0,1.0,"{'红杏出墙': 1, '空头排列下跌': 1}",2023-01-03,2026-08-13,875,,"[{'date': '2023-03-28', 'type': 'buy', 'signal': '红杏出墙', 'price': 25.8469, 'stage': 1, 'stage_name': '试仓(3600股)'}, {'date': '2023-03-29', 'type': 'sell', 'signal': '空头排列下跌', 'price': 25.3959, 'stage': 1}]","[{'entry_date': '2023-03-29', 'exit_date': '2023-03-30', 'entry_price': 25.8193, 'exit_stage': 1, 'pnl': -1013.43, 'return_pct': -0.1, 'hold_days': 1}]"
sh.601319,2018-11-16,998900.83,-0.11,-63.609,0.12,-0.11,1,0,1,0.0,1,1,1.0,-0.11,-0.11,0,1.0,"{'均线多头排列': 1, '一阴破三线': 1}",2023-01-03,2026-08-13,875,,"[{'date': '2023-03-28', 'type': 'buy', 'signal': '均线多头排列', 'price': 4.6936, 'stage': 1, 'stage_name': '试仓(20200股)'}, {'date': '2023-03-29', 'type': 'sell', 'signal': '一阴破三线', 'price': 4.6757, 'stage': 1}]","[{'entry_date': '2023-03-29', 'exit_date': '2023-03-30', 'entry_price': 4.7296, 'exit_stage': 1, 'pnl': -1099.17, 'return_pct': -0.11, 'hold_days': 1}]"
sh.688041,2022-08-12,998728.69,-0.13,-55.074,10.29,-0.13,1,0,1,0.0,3,1,13.0,-0.13,-0.13,1,3.0,"{'均线多头排列': 1, '确认加仓': 1, '趋势满仓': 1, '移动止损(最高=85.54)': 1}",2023-01-03,2026-08-13,865,,"[{'date': '2023-03-28', 'type': 'buy', 'signal': '均线多头排列', 'price': 64.6423, 'stage': 1, 'stage_name': '试仓(1400股)'}, {'date': '2023-03-31', 'type': 'buy', 'signal': '确认加仓', 'price': 76.8636, 'stage': 2, 'stage_name': '确认(加3300股)'}, {'date': '2023-03-31', 'type': 'buy', 'signal': '趋势满仓', 'price': 76.8636, 'stage': 3, 'stage_name': '满仓(加5600股)'}, {'date': '2023-04-10', 'type': 'sell', 'signal': '移动止损(最高=85.54)', 'price': 74.503, 'stage': 3}]","[{'entry_date': '2023-03-29', 'exit_date': '2023-04-11', 'entry_price': 75.28263592233009, 'exit_stage': 3, 'pnl': -1271.31, 'return_pct': -0.13, 'hold_days': 8}]"
sz.002353,2010-02-05,998669.16,-0.13,-52.636,0.13,-0.13,1,0,1,0.0,1,1,1.0,-0.13,-0.13,0,1.0,"{'红杏出墙': 1, '空头排列下跌': 1}",2023-01-03,2026-08-13,875,,"[{'date': '2023-05-24', 'type': 'buy', 'signal': '红杏出墙', 'price': 24.4896, 'stage': 1, 'stage_name': '试仓(3800股)'}, {'date': '2023-05-25', 'type': 'sell', 'signal': '空头排列下跌', 'price': 24.2539, 'stage': 1}]","[{'entry_date': '2023-05-25', 'exit_date': '2023-05-26', 'entry_price': 24.4613, 'exit_stage': 1, 'pnl': -1330.84, 'return_pct': -0.13, 'hold_days': 1}]"
sz.002920,2017-12-26,998697.34,-0.13,-53.763,0.13,-0.13,1,0,1,0.0,1,1,5.0,-0.13,-0.13,0,1.0,"{'红杏出墙': 1, '空头排列下跌': 1}",2023-01-03,2026-08-13,875,,"[{'date': '2023-03-29', 'type': 'buy', 'signal': '红杏出墙', 'price': 105.4312, 'stage': 1, 'stage_name': '试仓(900股)'}, {'date': '2023-04-03', 'type': 'sell', 'signal': '空头排列下跌', 'price': 106.7516, 'stage': 1}]","[{'entry_date': '2023-03-30', 'exit_date': '2023-04-04', 'entry_price': 107.4648, 'exit_stage': 1, 'pnl': -1302.66, 'return_pct': -0.13, 'hold_days': 3}]"
sh.601377,2010-10-13,998640.32,-0.14,-51.532,0.16,-0.14,1,0,1,0.0,1,1,1.0,-0.14,-0.14,0,1.0,"{'放量突破MA55': 1, '空头排列下跌': 1}",2023-01-03,2026-08-13,875,,"[{'date': '2023-04-04', 'type': 'buy', 'signal': '放量突破MA55', 'price': 5.9625, 'stage': 1, 'stage_name': '试仓(15900股)'}, {'date': '2023-04-06', 'type': 'sell', 'signal': '空头排列下跌', 'price': 5.852, 'stage': 1}]","[{'entry_date': '2023-04-06', 'exit_date': '2023-04-07', 'entry_price': 5.9441, 'exit_stage': 1, 'pnl': -1359.68, 'return_pct': -0.14, 'hold_days': 1}]"
sz.000301,2000-05-29,998612.18,-0.14,-50.499,0.19,-0.14,1,0,1,0.0,1,1,4.0,-0.14,-0.14,0,1.0,"{'红杏出墙': 1, '空头排列下跌': 1}",2023-01-03,2026-08-13,875,,"[{'date': '2023-06-15', 'type': 'buy', 'signal': '红杏出墙', 'price': 11.662, 'stage': 1, 'stage_name': '试仓(8100股)'}, {'date': '2023-06-19', 'type': 'sell', 'signal': '空头排列下跌', 'price': 11.5039, 'stage': 1}]","[{'entry_date': '2023-06-16', 'exit_date': '2023-06-20', 'entry_price': 11.6422, 'exit_stage': 1, 'pnl': -1387.82, 'return_pct': -0.14, 'hold_days': 2}]"
sz.002074,2006-10-18,998478.02,-0.15,-46.098,0.17,-0.15,1,0,1,0.0,1,1,3.0,-0.15,-0.15,0,1.0,"{'放量突破MA55': 1, '空头排列下跌': 1}",2023-01-03,2026-08-13,875,,"[{'date': '2023-05-11', 'type': 'buy', 'signal': '放量突破MA55', 'price': 28.4536, 'stage': 1, 'stage_name': '试仓(3300股)'}, {'date': '2023-05-12', 'type': 'sell', 'signal': '空头排列下跌', 'price': 27.7719, 'stage': 1}]","[{'entry_date': '2023-05-12', 'exit_date': '2023-05-15', 'entry_price': 28.256, 'exit_stage': 1, 'pnl': -1521.98, 'return_pct': -0.15, 'hold_days': 1}]"
sz.002049,2005-06-06,998478.81,-0.15,-46.122,0.27,-0.15,1,0,1,0.0,1,1,3.0,-0.15,-0.15,0,1.0,"{'红杏出墙': 1, '空头排列下跌': 1}",2023-01-03,2026-08-13,865,,"[{'date': '2023-03-30', 'type': 'buy', 'signal': '红杏出墙', 'price': 110.0078, 'stage': 1, 'stage_name': '试仓(800股)'}, {'date': '2023-03-31', 'type': 'sell', 'signal': '空头排列下跌', 'price': 109.0753, 'stage': 1}]","[{'entry_date': '2023-03-31', 'exit_date': '2023-04-03', 'entry_price': 112.383, 'exit_stage': 1, 'pnl': -1521.19, 'return_pct': -0.15, 'hold_days': 1}]"
sh.600436,2003-06-16,998372.98,-0.16,-43.16,0.23,-0.16,1,0,1,0.0,1,1,5.0,-0.16,-0.16,0,1.0,"{'红杏出墙': 1, '空头排列下跌': 1}",2023-01-03,2026-08-13,875,,"[{'date': '2023-04-04', 'type': 'buy', 'signal': '红杏出墙', 'price': 275.7829, 'stage': 1, 'stage_name': '试仓(300股)'}, {'date': '2023-04-10', 'type': 'sell', 'signal': '空头排列下跌', 'price': 271.6888, 'stage': 1}]","[{'entry_date': '2023-04-06', 'exit_date': '2023-04-11', 'entry_price': 275.7829, 'exit_stage': 1, 'pnl': -1627.02, 'return_pct': -0.16, 'hold_days': 3}]"
sh.603260,2017-10-30,998308.36,-0.17,-41.533,0.17,-0.17,1,0,1,0.0,1,1,1.0,-0.17,-0.17,0,1.0,"{'红杏出墙': 1, '空头排列下跌': 1}",2023-01-03,2026-08-13,875,,"[{'date': '2023-05-24', 'type': 'buy', 'signal': '红杏出墙', 'price': 69.3248, 'stage': 1, 'stage_name': '试仓(1300股)'}, {'date': '2023-05-25', 'type': 'sell', 'signal': '空头排列下跌', 'price': 68.6212, 'stage': 1}]","[{'entry_date': '2023-05-25', 'exit_date': '2023-05-26', 'entry_price': 69.8621, 'exit_stage': 1, 'pnl': -1691.64, 'return_pct': -0.17, 'hold_days': 1}]"
sh.600585,2002-02-07,998346.0,-0.17,-42.465,0.5,-0.17,1,0,1,0.0,2,1,6.0,-0.17,-0.17,0,2.0,"{'红杏出墙': 1, '确认加仓': 1, '空头排列下跌': 1}",2023-01-03,2026-08-13,875,,"[{'date': '2023-06-13', 'type': 'buy', 'signal': '红杏出墙', 'price': 21.5364, 'stage': 1, 'stage_name': '试仓(4400股)'}, {'date': '2023-06-16', 'type': 'buy', 'signal': '确认加仓', 'price': 22.3244, 'stage': 2, 'stage_name': '确认(加11500股)'}, {'date': '2023-06-19', 'type': 'sell', 'signal': '空头排列下跌', 'price': 22.031, 'stage': 2}]","[{'entry_date': '2023-06-14', 'exit_date': '2023-06-20', 'entry_price': 22.126332075471698, 'exit_stage': 2, 'pnl': -1654.0, 'return_pct': -0.17, 'hold_days': 4}]"
sh.601877,2010-01-21,997853.45,-0.21,-32.853,0.23,-0.21,1,0,1,0.0,1,1,3.0,-0.21,-0.21,0,1.0,"{'红杏出墙': 1, '空头排列下跌': 1}",2023-01-03,2026-08-13,875,,"[{'date': '2023-03-31', 'type': 'buy', 'signal': '红杏出墙', 'price': 25.5446, 'stage': 1, 'stage_name': '试仓(3700股)'}, {'date': '2023-04-04', 'type': 'sell', 'signal': '空头排列下跌', 'price': 25.1245, 'stage': 1}]","[{'entry_date': '2023-04-03', 'exit_date': '2023-04-06', 'entry_price': 25.4898, 'exit_stage': 1, 'pnl': -2146.55, 'return_pct': -0.21, 'hold_days': 2}]"
sh.601658,2019-12-10,997853.18,-0.21,-32.849,0.21,-0.21,1,0,1,0.0,1,1,3.0,-0.21,-0.21,0,1.0,"{'红杏出墙': 1, '一阴破三线': 1}",2023-01-03,2026-08-13,875,,"[{'date': '2023-03-30', 'type': 'buy', 'signal': '红杏出墙', 'price': 3.9611, 'stage': 1, 'stage_name': '试仓(23900股)'}, {'date': '2023-03-31', 'type': 'sell', 'signal': '一阴破三线', 'price': 3.8214, 'stage': 1}]","[{'entry_date': '2023-03-31', 'exit_date': '2023-04-03', 'entry_price': 3.9035, 'exit_stage': 1, 'pnl': -2146.82, 'return_pct': -0.21, 'hold_days': 1}]"
sh.601058,2011-06-30,997772.39,-0.22,-31.679,0.22,-0.22,1,0,1,0.0,1,1,1.0,-0.22,-0.22,0,1.0,"{'均线多头排列': 1, '一阴破三线': 1}",2023-01-03,2026-08-13,875,,"[{'date': '2023-03-27', 'type': 'buy', 'signal': '均线多头排列', 'price': 9.8776, 'stage': 1, 'stage_name': '试仓(9600股)'}, {'date': '2023-03-28', 'type': 'sell', 'signal': '一阴破三线', 'price': 9.6559, 'stage': 1}]","[{'entry_date': '2023-03-28', 'exit_date': '2023-03-29', 'entry_price': 9.8776, 'exit_stage': 1, 'pnl': -2227.61, 'return_pct': -0.22, 'hold_days': 1}]"
sh.601995,2020-11-02,997740.8,-0.23,-31.244,0.24,-0.23,1,0,1,0.0,1,1,3.0,-0.23,-0.23,0,1.0,"{'红杏出墙': 1, '一阴破三线': 1}",2023-01-03,2026-08-13,855,,"[{'date': '2023-04-03', 'type': 'buy', 'signal': '红杏出墙', 'price': 39.2082, 'stage': 1, 'stage_name': '试仓(2400股)'}, {'date': '2023-04-06', 'type': 'sell', 'signal': '一阴破三线', 'price': 38.2069, 'stage': 1}]","[{'entry_date': '2023-04-04', 'exit_date': '2023-04-07', 'entry_price': 39.1493, 'exit_stage': 1, 'pnl': -2259.2, 'return_pct': -0.23, 'hold_days': 2}]"
sh.600276,2000-10-18,997359.09,-0.26,-26.811,0.42,-0.26,1,0,1,0.0,2,1,10.0,-0.26,-0.26,0,2.0,"{'红杏出墙': 1, '确认加仓': 1, '空头排列下跌': 1}",2023-01-03,2026-08-13,875,,"[{'date': '2023-03-27', 'type': 'buy', 'signal': '红杏出墙', 'price': 42.5872, 'stage': 1, 'stage_name': '试仓(2200股)'}, {'date': '2023-03-30', 'type': 'buy', 'signal': '确认加仓', 'price': 42.3215, 'stage': 2, 'stage_name': '确认(加6000股)'}, {'date': '2023-04-06', 'type': 'sell', 'signal': '空头排列下跌', 'price': 42.0952, 'stage': 2}]","[{'entry_date': '2023-03-28', 'exit_date': '2023-04-07', 'entry_price': 42.342614634146344, 'exit_stage': 2, 'pnl': -2640.91, 'return_pct': -0.26, 'hold_days': 7}]"
sh.605117,2021-04-20,997190.48,-0.28,-25.237,0.28,-0.28,1,0,1,0.0,1,1,1.0,-0.28,-0.28,0,1.0,"{'红杏出墙': 1, '空头排列下跌': 1}",2023-01-03,2026-08-13,875,,"[{'date': '2023-04-11', 'type': 'buy', 'signal': '红杏出墙', 'price': 50.0095, 'stage': 1, 'stage_name': '试仓(1800股)'}, {'date': '2023-04-12', 'type': 'sell', 'signal': '空头排列下跌', 'price': 48.4032, 'stage': 1}]","[{'entry_date': '2023-04-12', 'exit_date': '2023-04-13', 'entry_price': 49.4545, 'exit_stage': 1, 'pnl': -2809.52, 'return_pct': -0.28, 'hold_days': 1}]"
sz.001391,2024-12-30,997216.57,-0.28,-23.571,0.28,-0.28,1,0,1,0.0,1,1,3.0,-0.28,-0.28,0,1.0,"{'红杏出墙': 1, '空头排列下跌': 1}",2024-12-30,2026-08-13,393,,"[{'date': '2025-03-27', 'type': 'buy', 'signal': '红杏出墙', 'price': 6.7132, 'stage': 1, 'stage_name': '试仓(14100股)'}, {'date': '2025-03-28', 'type': 'sell', 'signal': '空头排列下跌', 'price': 6.5191, 'stage': 1}]","[{'entry_date': '2025-03-28', 'exit_date': '2025-03-31', 'entry_price': 6.645200000000001, 'exit_stage': 1, 'pnl': -2783.43, 'return_pct': -0.28, 'hold_days': 1}]"
sz.002384,2010-04-09,997234.0,-0.28,-25.625,0.28,-0.28,1,0,1,0.0,1,1,1.0,-0.28,-0.28,0,1.0,"{'均线多头排列': 1, '一阴破三线': 1}",2023-01-03,2026-08-13,875,,"[{'date': '2023-04-07', 'type': 'buy', 'signal': '均线多头排列', 'price': 28.7588, 'stage': 1, 'stage_name': '试仓(3300股)'}, {'date': '2023-04-10', 'type': 'sell', 'signal': '一阴破三线', 'price': 27.8109, 'stage': 1}]","[{'entry_date': '2023-04-10', 'exit_date': '2023-04-11', 'entry_price': 28.6317, 'exit_stage': 1, 'pnl': -2766.0, 'return_pct': -0.28, 'hold_days': 1}]"
sz.302132,2010-08-27,996473.15,-0.35,-20.222,0.35,-0.35,1,0,1,0.0,1,1,1.0,-0.35,-0.35,0,1.0,"{'红杏出墙': 1, '空头排列下跌': 1}",2023-01-03,2026-08-13,865,,"[{'date': '2023-04-26', 'type': 'buy', 'signal': '红杏出墙', 'price': 51.03, 'stage': 1, 'stage_name': '试仓(1800股)'}, {'date': '2023-04-27', 'type': 'sell', 'signal': '空头排列下跌', 'price': 48.9, 'stage': 1}]","[{'entry_date': '2023-04-27', 'exit_date': '2023-04-28', 'entry_price': 50.61, 'exit_stage': 1, 'pnl': -3526.85, 'return_pct': -0.35, 'hold_days': 1}]"
sz.300274,2011-11-02,996165.68,-0.38,-18.646,0.38,-0.38,1,0,1,0.0,1,1,2.0,-0.38,-0.38,0,1.0,"{'红杏出墙': 1, '空头排列下跌': 1}",2023-01-03,2026-08-13,875,,"[{'date': '2023-04-03', 'type': 'buy', 'signal': '红杏出墙', 'price': 72.8755, 'stage': 1, 'stage_name': '试仓(1300股)'}, {'date': '2023-04-04', 'type': 'sell', 'signal': '空头排列下跌', 'price': 69.4623, 'stage': 1}]","[{'entry_date': '2023-04-04', 'exit_date': '2023-04-06', 'entry_price': 72.2906, 'exit_stage': 1, 'pnl': -3834.32, 'return_pct': -0.38, 'hold_days': 1}]"
sh.600050,2002-10-09,996048.33,-0.4,-18.11,0.4,-0.4,1,0,1,0.0,1,1,2.0,-0.4,-0.4,0,1.0,"{'均线多头排列': 1, '一阴破三线': 1}",2023-01-03,2026-08-13,875,,"[{'date': '2023-03-28', 'type': 'buy', 'signal': '均线多头排列', 'price': 5.0094, 'stage': 1, 'stage_name': '试仓(18900股)'}, {'date': '2023-03-30', 'type': 'sell', 'signal': '一阴破三线', 'price': 4.792, 'stage': 1}]","[{'entry_date': '2023-03-29', 'exit_date': '2023-03-31', 'entry_price': 4.9913, 'exit_stage': 1, 'pnl': -3951.67, 'return_pct': -0.4, 'hold_days': 2}]"
sh.600160,1998-06-26,995589.69,-0.44,-16.286,0.44,-0.44,1,0,1,0.0,1,1,3.0,-0.44,-0.44,0,1.0,"{'放量突破MA55': 1, '一阴破三线': 1}",2023-01-03,2026-08-13,875,,"[{'date': '2023-03-31', 'type': 'buy', 'signal': '放量突破MA55', 'price': 16.8857, 'stage': 1, 'stage_name': '试仓(5600股)'}, {'date': '2023-04-04', 'type': 'sell', 'signal': '一阴破三线', 'price': 16.179, 'stage': 1}]","[{'entry_date': '2023-04-03', 'exit_date': '2023-04-06', 'entry_price': 16.9048, 'exit_stage': 1, 'pnl': -4410.31, 'return_pct': -0.44, 'hold_days': 2}]"
sh.600900,2003-11-18,995579.84,-0.44,-16.251,0.68,-0.44,1,0,1,0.0,2,1,25.0,-0.44,-0.44,0,2.0,"{'红杏出墙': 1, '确认加仓': 1, '一阴破三线': 1}",2023-01-03,2026-08-13,875,,"[{'date': '2023-03-30', 'type': 'buy', 'signal': '红杏出墙', 'price': 18.5955, 'stage': 1, 'stage_name': '试仓(5100股)'}, {'date': '2023-04-04', 'type': 'buy', 'signal': '确认加仓', 'price': 18.6393, 'stage': 2, 'stage_name': '确认(加13800股)'}, {'date': '2023-04-24', 'type': 'sell', 'signal': '一阴破三线', 'price': 18.429, 'stage': 2}]","[{'entry_date': '2023-03-31', 'exit_date': '2023-04-25', 'entry_price': 18.608350793650793, 'exit_stage': 2, 'pnl': -4420.16, 'return_pct': -0.44, 'hold_days': 16}]"
sh.601127,2016-06-15,995265.87,-0.47,-15.212,0.47,-0.47,1,0,1,0.0,1,1,3.0,-0.47,-0.47,0,1.0,"{'MA13金叉MA55': 1, '一阴破三线': 1}",2023-01-03,2026-08-13,875,,"[{'date': '2023-03-30', 'type': 'buy', 'signal': 'MA13金叉MA55', 'price': 37.646, 'stage': 1, 'stage_name': '试仓(2500股)'}, {'date': '2023-03-31', 'type': 'sell', 'signal': '一阴破三线', 'price': 37.0393, 'stage': 1}]","[{'entry_date': '2023-03-31', 'exit_date': '2023-04-03', 'entry_price': 37.6363, 'exit_stage': 1, 'pnl': -4734.13, 'return_pct': -0.47, 'hold_days': 1}]"
sh.600809,1994-01-06,995229.4,-0.48,-15.1,0.48,-0.48,1,0,1,0.0,1,1,7.0,-0.48,-0.48,0,1.0,"{'红杏出墙': 1, '空头排列下跌': 1}",2023-01-03,2026-08-13,875,,"[{'date': '2023-04-27', 'type': 'buy', 'signal': '红杏出墙', 'price': 215.9686, 'stage': 1, 'stage_name': '试仓(400股)'}, {'date': '2023-05-04', 'type': 'sell', 'signal': '空头排列下跌', 'price': 211.4478, 'stage': 1}]","[{'entry_date': '2023-04-28', 'exit_date': '2023-05-05', 'entry_price': 222.93989999999997, 'exit_stage': 1, 'pnl': -4770.6, 'return_pct': -0.48, 'hold_days': 2}]"
sz.301269,2022-07-29,995147.52,-0.49,-14.855,7.94,-0.49,1,0,1,0.0,3,1,15.0,-0.49,-0.49,1,3.0,"{'均线多头排列': 1, '确认加仓': 1, '趋势满仓': 1, '移动止损(最高=136.13)': 1}",2023-01-03,2026-08-13,865,,"[{'date': '2023-03-29', 'type': 'buy', 'signal': '均线多头排列', 'price': 121.4555, 'stage': 1, 'stage_name': '试仓(700股)'}, {'date': '2023-04-03', 'type': 'buy', 'signal': '确认加仓', 'price': 125.7409, 'stage': 2, 'stage_name': '确认(加2000股)'}, {'date': '2023-04-03', 'type': 'buy', 'signal': '趋势满仓', 'price': 125.7409, 'stage': 3, 'stage_name': '满仓(加3400股)'}, {'date': '2023-04-13', 'type': 'sell', 'signal': '移动止损(最高=136.13)', 'price': 122.1813, 'stage': 3}]","[{'entry_date': '2023-03-30', 'exit_date': '2023-04-14', 'entry_price': 124.14095409836067, 'exit_stage': 3, 'pnl': -4852.48, 'return_pct': -0.49, 'hold_days': 10}]"
sh.600027,2005-02-03,993723.05,-0.63,-11.615,0.67,-0.63,1,0,1,0.0,1,1,4.0,-0.63,-0.63,0,1.0,"{'均线多头排列': 1, 'MA13死叉MA55': 1}",2023-01-03,2026-08-13,865,,"[{'date': '2023-03-30', 'type': 'buy', 'signal': '均线多头排列', 'price': 4.9932, 'stage': 1, 'stage_name': '试仓(19000股)'}, {'date': '2023-04-03', 'type': 'sell', 'signal': 'MA13死叉MA55', 'price': 4.7071, 'stage': 1}]","[{'entry_date': '2023-03-31', 'exit_date': '2023-04-04', 'entry_price': 4.9932, 'exit_stage': 1, 'pnl': -6276.95, 'return_pct': -0.63, 'hold_days': 2}]"
sh.600372,2001-07-06,993576.51,-0.64,-11.363,0.75,-0.64,1,0,1,0.0,1,1,3.0,-0.64,-0.64,0,1.0,"{'放量突破MA55': 1, '移动止损(最高=17.02)': 1}",2023-01-03,2026-08-13,868,,"[{'date': '2023-04-14', 'type': 'buy', 'signal': '放量突破MA55', 'price': 16.9303, 'stage': 1, 'stage_name': '试仓(5600股)'}, {'date': '2023-04-19', 'type': 'sell', 'signal': '移动止损(最高=17.02)', 'price': 15.6705, 'stage': 1}]","[{'entry_date': '2023-04-17', 'exit_date': '2023-04-20', 'entry_price': 16.8334, 'exit_stage': 1, 'pnl': -6423.49, 'return_pct': -0.64, 'hold_days': 3}]"
sh.601919,2007-06-26,993283.21,-0.67,-10.892,0.67,-0.67,1,0,1,0.0,1,1,4.0,-0.67,-0.67,0,1.0,"{'均线多头排列': 1, '一阴破三线': 1}",2023-01-03,2026-08-13,875,,"[{'date': '2023-03-30', 'type': 'buy', 'signal': '均线多头排列', 'price': 7.8764, 'stage': 1, 'stage_name': '试仓(12000股)'}, {'date': '2023-04-03', 'type': 'sell', 'signal': '一阴破三线', 'price': 7.4354, 'stage': 1}]","[{'entry_date': '2023-03-31', 'exit_date': '2023-04-04', 'entry_price': 7.9385, 'exit_stage': 1, 'pnl': -6716.79, 'return_pct': -0.67, 'hold_days': 2}]"
sz.000895,1998-12-10,993117.24,-0.69,-10.643,0.8,-0.69,1,0,1,0.0,2,1,10.0,-0.69,-0.69,0,2.0,"{'放量突破MA55': 1, '确认加仓': 1, '一阴破三线': 1}",2023-01-03,2026-08-13,875,,"[{'date': '2023-03-31', 'type': 'buy', 'signal': '放量突破MA55', 'price': 21.1286, 'stage': 1, 'stage_name': '试仓(4400股)'}, {'date': '2023-04-06', 'type': 'buy', 'signal': '确认加仓', 'price': 21.3812, 'stage': 2, 'stage_name': '确认(加12000股)'}, {'date': '2023-04-12', 'type': 'sell', 'signal': '一阴破三线', 'price': 20.9332, 'stage': 2}]","[{'entry_date': '2023-04-03', 'exit_date': '2023-04-13', 'entry_price': 21.31063658536585, 'exit_stage': 2, 'pnl': -6882.76, 'return_pct': -0.69, 'hold_days': 7}]"
sz.000157,2000-10-12,992797.65,-0.72,-10.197,0.81,-0.72,1,0,1,0.0,2,1,13.0,-0.72,-0.72,0,2.0,"{'放量突破MA55': 1, '确认加仓': 1, '一阴破三线': 1}",2023-01-03,2026-08-13,875,,"[{'date': '2023-04-03', 'type': 'buy', 'signal': '放量突破MA55', 'price': 5.3652, 'stage': 1, 'stage_name': '试仓(17700股)'}, {'date': '2023-04-07', 'type': 'buy', 'signal': '确认加仓', 'price': 5.3318, 'stage': 2, 'stage_name': '确认(加48300股)'}, {'date': '2023-04-14', 'type': 'sell', 'signal': '一阴破三线', 'price': 5.2317, 'stage': 2}]","[{'entry_date': '2023-04-04', 'exit_date': '2023-04-17', 'entry_price': 5.346831363636364, 'exit_stage': 2, 'pnl': -7202.35, 'return_pct': -0.72, 'hold_days': 8}]"
sz.300442,2015-04-24,992628.13,-0.74,-9.976,6.03,-0.74,1,0,1,0.0,3,1,18.0,-0.74,-0.74,1,3.0,"{'均线多头排列': 1, '确认加仓': 1, '趋势满仓': 1, '移动止损(最高=37.85)': 1}",2023-01-03,2026-08-13,869,,"[{'date': '2023-03-29', 'type': 'buy', 'signal': '均线多头排列', 'price': 35.6817, 'stage': 1, 'stage_name': '试仓(2600股)'}, {'date': '2023-04-03', 'type': 'buy', 'signal': '确认加仓', 'price': 35.215, 'stage': 2, 'stage_name': '确认(加7300股)'}, {'date': '2023-04-03', 'type': 'buy', 'signal': '趋势满仓', 'price': 35.215, 'stage': 3, 'stage_name': '满仓(加12200股)'}, {'date': '2023-04-14', 'type': 'sell', 'signal': '移动止损(最高=37.85)', 'price': 35.1885, 'stage': 3}]","[{'entry_date': '2023-03-30', 'exit_date': '2023-04-17', 'entry_price': 35.2661, 'exit_stage': 3, 'pnl': -7371.87, 'return_pct': -0.74, 'hold_days': 11}]"
sz.000063,1997-11-18,992344.39,-0.77,-9.627,0.9,-0.77,1,0,1,0.0,1,1,2.0,-0.77,-0.77,0,1.0,"{'均线多头排列': 1, '移动止损(最高=32.57)': 1}",2023-01-03,2026-08-13,875,,"[{'date': '2023-03-28', 'type': 'buy', 'signal': '均线多头排列', 'price': 32.4967, 'stage': 1, 'stage_name': '试仓(2900股)'}, {'date': '2023-03-30', 'type': 'sell', 'signal': '移动止损(最高=32.57)', 'price': 29.5085, 'stage': 1}]","[{'entry_date': '2023-03-29', 'exit_date': '2023-03-31', 'entry_price': 32.5714, 'exit_stage': 1, 'pnl': -7655.61, 'return_pct': -0.77, 'hold_days': 2}]"
sh.601111,2006-08-18,991850.89,-0.81,-9.079,1.94,-0.82,1,0,1,0.0,2,1,17.0,-0.81,-0.81,0,2.0,"{'放量突破MA55': 1, '确认加仓': 1, '一阴破三线': 1}",2023-01-03,2026-08-13,875,,"[{'date': '2023-03-30', 'type': 'buy', 'signal': '放量突破MA55', 'price': 10.77, 'stage': 1, 'stage_name': '试仓(8800股)'}, {'date': '2023-04-04', 'type': 'buy', 'signal': '确认加仓', 'price': 11.05, 'stage': 2, 'stage_name': '确认(加23300股)'}, {'date': '2023-04-14', 'type': 'sell', 'signal': '一阴破三线', 'price': 10.68, 'stage': 2}]","[{'entry_date': '2023-03-31', 'exit_date': '2023-04-17', 'entry_price': 10.91227414330218, 'exit_stage': 2, 'pnl': -8149.11, 'return_pct': -0.81, 'hold_days': 10}]"
sz.000425,1996-08-28,991745.52,-0.83,-8.971,2.49,-0.83,1,0,1,0.0,3,1,27.0,-0.83,-0.83,1,3.0,"{'均线多头排列': 1, '确认加仓': 1, '趋势满仓': 1, '一阴破三线': 1}",2023-01-03,2026-08-13,875,,"[{'date': '2023-03-28', 'type': 'buy', 'signal': '均线多头排列', 'price': 5.9661, 'stage': 1, 'stage_name': '试仓(15900股)'}, {'date': '2023-03-31', 'type': 'buy', 'signal': '确认加仓', 'price': 6.3026, 'stage': 2, 'stage_name': '确认(加40900股)'}, {'date': '2023-04-21', 'type': 'buy', 'signal': '趋势满仓', 'price': 6.2389, 'stage': 3, 'stage_name': '满仓(加49300股)'}, {'date': '2023-04-24', 'type': 'sell', 'signal': '一阴破三线', 'price': 6.0934, 'stage': 3}]","[{'entry_date': '2023-03-29', 'exit_date': '2023-04-25', 'entry_price': 6.195273986804902, 'exit_stage': 3, 'pnl': -8254.48, 'return_pct': -0.83, 'hold_days': 18}]"
sz.300418,2015-01-21,991415.36,-0.86,-8.648,0.86,-0.86,1,0,1,0.0,1,1,2.0,-0.86,-0.86,0,1.0,"{'均线多头排列': 1, '移动止损(最高=40.92)': 1}",2023-01-03,2026-08-13,875,,"[{'date': '2023-03-27', 'type': 'buy', 'signal': '均线多头排列', 'price': 42.3849, 'stage': 1, 'stage_name': '试仓(2200股)'}, {'date': '2023-03-29', 'type': 'sell', 'signal': '移动止损(最高=40.92)', 'price': 37.5224, 'stage': 1}]","[{'entry_date': '2023-03-28', 'exit_date': '2023-03-30', 'entry_price': 40.9171, 'exit_stage': 1, 'pnl': -8584.64, 'return_pct': -0.86, 'hold_days': 2}]"
sh.600031,2003-07-03,990956.85,-0.9,-8.239,0.96,-0.91,1,0,1,0.0,2,1,7.0,-0.9,-0.9,0,2.0,"{'红杏出墙': 1, '确认加仓': 1, '一阴破三线': 1}",2023-01-03,2026-08-13,875,,"[{'date': '2023-04-03', 'type': 'buy', 'signal': '红杏出墙', 'price': 16.529, 'stage': 1, 'stage_name': '试仓(5700股)'}, {'date': '2023-04-07', 'type': 'buy', 'signal': '确认加仓', 'price': 16.2581, 'stage': 2, 'stage_name': '确认(加15800股)'}, {'date': '2023-04-10', 'type': 'sell', 'signal': '一阴破三线', 'price': 15.9123, 'stage': 2}]","[{'entry_date': '2023-04-04', 'exit_date': '2023-04-11', 'entry_price': 16.328742325581395, 'exit_stage': 2, 'pnl': -9043.15, 'return_pct': -0.9, 'hold_days': 4}]"
sh.600089,1997-06-18,988295.2,-1.17,-6.496,1.6,-1.18,1,0,1,0.0,3,1,17.0,-1.17,-1.17,1,3.0,"{'均线多头排列': 1, '确认加仓': 1, '趋势满仓': 1, '一阴破三线': 1}",2023-01-03,2026-08-13,875,,"[{'date': '2023-03-27', 'type': 'buy', 'signal': '均线多头排列', 'price': 15.0315, 'stage': 1, 'stage_name': '试仓(6300股)'}, {'date': '2023-03-30', 'type': 'buy', 'signal': '确认加仓', 'price': 15.1566, 'stage': 2, 'stage_name': '确认(加17000股)'}, {'date': '2023-03-30', 'type': 'buy', 'signal': '趋势满仓', 'price': 15.1566, 'stage': 3, 'stage_name': '满仓(加28300股)'}, {'date': '2023-04-13', 'type': 'sell', 'signal': '一阴破三线', 'price': 14.9203, 'stage': 3}]","[{'entry_date': '2023-03-28', 'exit_date': '2023-04-14', 'entry_price': 15.144844186046512, 'exit_stage': 3, 'pnl': -11704.8, 'return_pct': -1.17, 'hold_days': 12}]"
sh.601727,2008-12-05,988017.2,-1.2,-6.359,5.08,-1.21,1,0,1,0.0,3,1,54.0,-1.2,-1.2,1,3.0,"{'均线多头排列': 1, '确认加仓': 1, '趋势满仓': 1, '一阴破三线': 1}",2023-01-03,2026-08-13,875,,"[{'date': '2023-03-30', 'type': 'buy', 'signal': '均线多头排列', 'price': 4.5134, 'stage': 1, 'stage_name': '试仓(21000股)'}, {'date': '2023-04-04', 'type': 'buy', 'signal': '确认加仓', 'price': 4.4935, 'stage': 2, 'stage_name': '确认(加57400股)'}, {'date': '2023-04-04', 'type': 'buy', 'signal': '趋势满仓', 'price': 4.4935, 'stage': 3, 'stage_name': '满仓(加95700股)'}, {'date': '2023-05-23', 'type': 'sell', 'signal': '一阴破三线', 'price': 4.4435, 'stage': 3}]","[{'entry_date': '2023-03-31', 'exit_date': '2023-05-24', 'entry_price': 4.493500000000001, 'exit_stage': 3, 'pnl': -11982.8, 'return_pct': -1.2, 'hold_days': 34}]"
sz.300408,2014-12-03,987764.49,-1.22,-6.24,1.54,-1.23,1,0,1,0.0,2,1,7.0,-1.22,-1.22,0,2.0,"{'MA13金叉MA55': 1, '确认加仓': 1, '一阴破三线': 1}",2023-01-03,2026-08-13,875,,"[{'date': '2023-04-14', 'type': 'buy', 'signal': 'MA13金叉MA55', 'price': 31.8364, 'stage': 1, 'stage_name': '试仓(2900股)'}, {'date': '2023-04-19', 'type': 'buy', 'signal': '确认加仓', 'price': 30.9867, 'stage': 2, 'stage_name': '确认(加8300股)'}, {'date': '2023-04-21', 'type': 'sell', 'signal': '一阴破三线', 'price': 30.05, 'stage': 2}]","[{'entry_date': '2023-04-17', 'exit_date': '2023-04-24', 'entry_price': 31.13920892857143, 'exit_stage': 2, 'pnl': -12235.51, 'return_pct': -1.22, 'hold_days': 5}]"
sh.601766,2008-08-18,987251.31,-1.27,-6.012,6.33,-1.28,1,0,1,0.0,3,1,45.0,-1.27,-1.27,1,3.0,"{'均线多头排列': 1, '确认加仓': 1, '趋势满仓': 1, '移动止损(最高=6.24)': 1}",2023-01-03,2026-08-13,875,,"[{'date': '2023-03-30', 'type': 'buy', 'signal': '均线多头排列', 'price': 5.3029, 'stage': 1, 'stage_name': '试仓(17900股)'}, {'date': '2023-04-04', 'type': 'buy', 'signal': '确认加仓', 'price': 5.968, 'stage': 2, 'stage_name': '确认(加43100股)'}, {'date': '2023-04-04', 'type': 'buy', 'signal': '趋势满仓', 'price': 5.968, 'stage': 3, 'stage_name': '满仓(加71900股)'}, {'date': '2023-05-12', 'type': 'sell', 'signal': '移动止损(最高=6.24)', 'price': 5.7463, 'stage': 3}]","[{'entry_date': '2023-03-31', 'exit_date': '2023-05-15', 'entry_price': 5.830649962377729, 'exit_stage': 3, 'pnl': -12748.69, 'return_pct': -1.27, 'hold_days': 27}]"
sz.000630,1996-11-20,984873.78,-1.51,-5.158,2.19,-1.52,1,0,1,0.0,2,1,11.0,-1.51,-1.51,0,2.0,"{'红杏出墙': 1, '确认加仓': 1, '一阴破三线': 1}",2023-01-03,2026-08-13,875,,"[{'date': '2023-04-14', 'type': 'buy', 'signal': '红杏出墙', 'price': 3.0774, 'stage': 1, 'stage_name': '试仓(30800股)'}, {'date': '2023-04-19', 'type': 'buy', 'signal': '确认加仓', 'price': 3.1964, 'stage': 2, 'stage_name': '确认(加80700股)'}, {'date': '2023-04-27', 'type': 'sell', 'signal': '一阴破三线', 'price': 2.9949, 'stage': 2}]","[{'entry_date': '2023-04-17', 'exit_date': '2023-04-28', 'entry_price': 3.1518869058295964, 'exit_stage': 2, 'pnl': -15126.22, 'return_pct': -1.51, 'hold_days': 9}]"
sz.002027,2004-08-04,984125.21,-1.59,-4.942,1.67,-1.6,1,0,1,0.0,2,1,7.0,-1.59,-1.59,0,2.0,"{'放量突破MA55': 1, '确认加仓': 1, '移动止损(最高=5.63)': 1}",2023-01-03,2026-08-13,875,,"[{'date': '2023-03-30', 'type': 'buy', 'signal': '放量突破MA55', 'price': 5.5597, 'stage': 1, 'stage_name': '试仓(17000股)'}, {'date': '2023-04-04', 'type': 'buy', 'signal': '确认加仓', 'price': 5.4368, 'stage': 2, 'stage_name': '确认(加47400股)'}, {'date': '2023-04-06', 'type': 'sell', 'signal': '移动止损(最高=5.63)', 'price': 5.1994, 'stage': 2}]","[{'entry_date': '2023-03-31', 'exit_date': '2023-04-07', 'entry_price': 5.435268322981366, 'exit_stage': 2, 'pnl': -15874.79, 'return_pct': -1.59, 'hold_days': 4}]"
sh.601901,2011-08-10,983957.45,-1.6,-4.896,4.32,-1.62,1,0,1,0.0,3,1,27.0,-1.6,-1.6,1,3.0,"{'均线多头排列': 1, '确认加仓': 1, '趋势满仓': 1, '一阴破三线': 1}",2023-01-03,2026-08-13,875,,"[{'date': '2023-03-27', 'type': 'buy', 'signal': '均线多头排列', 'price': 6.8722, 'stage': 1, 'stage_name': '试仓(13800股)'}, {'date': '2023-03-30', 'type': 'buy', 'signal': '确认加仓', 'price': 6.804, 'stage': 2, 'stage_name': '确认(加37800股)'}, {'date': '2023-03-30', 'type': 'buy', 'signal': '趋势满仓', 'price': 6.804, 'stage': 3, 'stage_name': '满仓(加63100股)'}, {'date': '2023-04-21', 'type': 'sell', 'signal': '一阴破三线', 'price': 6.687, 'stage': 3}]","[{'entry_date': '2023-03-28', 'exit_date': '2023-04-24', 'entry_price': 6.803584481255449, 'exit_stage': 3, 'pnl': -16042.55, 'return_pct': -1.6, 'hold_days': 18}]"
sz.300832,2020-05-12,983302.72,-1.67,-4.727,1.7,-1.68,1,0,1,0.0,2,1,6.0,-1.67,-1.67,0,2.0,"{'放量突破MA55': 1, '确认加仓': 1, '一阴破三线': 1}",2023-01-03,2026-08-13,875,,"[{'date': '2023-03-28', 'type': 'buy', 'signal': '放量突破MA55', 'price': 56.5673, 'stage': 1, 'stage_name': '试仓(1600股)'}, {'date': '2023-03-31', 'type': 'buy', 'signal': '确认加仓', 'price': 56.8461, 'stage': 2, 'stage_name': '确认(加4500股)'}, {'date': '2023-04-03', 'type': 'sell', 'signal': '一阴破三线', 'price': 54.4113, 'stage': 2}]","[{'entry_date': '2023-03-29', 'exit_date': '2023-04-04', 'entry_price': 56.79599344262295, 'exit_stage': 2, 'pnl': -16697.28, 'return_pct': -1.67, 'hold_days': 4}]"
sh.600918,2020-06-03,983257.53,-1.67,-4.715,5.45,-1.69,1,0,1,0.0,3,1,42.0,-1.67,-1.67,1,3.0,"{'放量突破MA55': 1, '确认加仓': 1, '趋势满仓': 1, '移动止损(最高=7.63)': 1}",2023-01-03,2026-08-13,875,,"[{'date': '2023-04-11', 'type': 'buy', 'signal': '放量突破MA55', 'price': 6.8811, 'stage': 1, 'stage_name': '试仓(13800股)'}, {'date': '2023-04-14', 'type': 'buy', 'signal': '确认加仓', 'price': 6.9397, 'stage': 2, 'stage_name': '确认(加37100股)'}, {'date': '2023-04-28', 'type': 'buy', 'signal': '趋势满仓', 'price': 7.3013, 'stage': 3, 'stage_name': '满仓(加41600股)'}, {'date': '2023-05-23', 'type': 'sell', 'signal': '移动止损(最高=7.63)', 'price': 6.9983, 'stage': 3}]","[{'entry_date': '2023-04-12', 'exit_date': '2023-05-24', 'entry_price': 7.135894810810811, 'exit_stage': 3, 'pnl': -16742.47, 'return_pct': -1.67, 'hold_days': 27}]"
sz.300316,2012-05-11,982662.18,-1.73,-4.573,3.03,-1.75,1,0,1,0.0,2,1,21.0,-1.73,-1.73,0,2.0,"{'红杏出墙': 1, '确认加仓': 1, '移动止损(最高=68.65)': 1}",2023-01-03,2026-08-13,875,,"[{'date': '2023-04-03', 'type': 'buy', 'signal': '红杏出墙', 'price': 65.246, 'stage': 1, 'stage_name': '试仓(1400股)'}, {'date': '2023-04-07', 'type': 'buy', 'signal': '确认加仓', 'price': 66.3836, 'stage': 2, 'stage_name': '确认(加3900股)'}, {'date': '2023-04-24', 'type': 'sell', 'signal': '移动止损(最高=68.65)', 'price': 62.8751, 'stage': 2}]","[{'entry_date': '2023-04-04', 'exit_date': '2023-04-25', 'entry_price': 66.42777358490567, 'exit_stage': 2, 'pnl': -17337.82, 'return_pct': -1.73, 'hold_days': 14}]"
sh.601881,2017-01-23,981968.63,-1.8,-4.42,5.26,-1.82,1,0,1,0.0,3,1,27.0,-1.8,-1.8,1,3.0,"{'均线多头排列': 1, '确认加仓': 1, '趋势满仓': 1, '一阴破三线': 1}",2023-01-03,2026-08-13,875,,"[{'date': '2023-03-27', 'type': 'buy', 'signal': '均线多头排列', 'price': 9.6517, 'stage': 1, 'stage_name': '试仓(9800股)'}, {'date': '2023-03-30', 'type': 'buy', 'signal': '确认加仓', 'price': 9.3478, 'stage': 2, 'stage_name': '确认(加27600股)'}, {'date': '2023-03-30', 'type': 'buy', 'signal': '趋势满仓', 'price': 9.3478, 'stage': 3, 'stage_name': '满仓(加46000股)'}, {'date': '2023-04-21', 'type': 'sell', 'signal': '一阴破三线', 'price': 9.1452, 'stage': 3}]","[{'entry_date': '2023-03-28', 'exit_date': '2023-04-24', 'entry_price': 9.34291534772182, 'exit_stage': 3, 'pnl': -18031.37, 'return_pct': -1.8, 'hold_days': 18}]"
sh.600875,1995-10-10,980599.94,-1.94,-4.149,1.94,-1.96,1,0,1,0.0,2,1,14.0,-1.94,-1.94,0,2.0,"{'放量突破MA55': 1, '确认加仓': 1, '一阴破三线': 1}",2023-01-03,2026-08-13,875,,"[{'date': '2023-05-17', 'type': 'buy', 'signal': '放量突破MA55', 'price': 17.5069, 'stage': 1, 'stage_name': '试仓(5400股)'}, {'date': '2023-05-22', 'type': 'buy', 'signal': '确认加仓', 'price': 17.4702, 'stage': 2, 'stage_name': '确认(加14700股)'}, {'date': '2023-05-31', 'type': 'sell', 'signal': '一阴破三线', 'price': 16.5159, 'stage': 2}]","[{'entry_date': '2023-05-18', 'exit_date': '2023-06-01', 'entry_price': 17.428850746268658, 'exit_stage': 2, 'pnl': -19400.06, 'return_pct': -1.94, 'hold_days': 10}]"
sh.600118,1997-09-08,980471.26,-1.95,-4.125,5.33,-1.97,1,0,1,0.0,3,1,17.0,-1.95,-1.95,1,3.0,"{'均线多头排列': 1, '确认加仓': 1, '趋势满仓': 1, '移动止损(最高=29.59)': 1}",2023-01-03,2026-08-13,875,,"[{'date': '2023-03-27', 'type': 'buy', 'signal': '均线多头排列', 'price': 29.6318, 'stage': 1, 'stage_name': '试仓(3200股)'}, {'date': '2023-03-30', 'type': 'buy', 'signal': '确认加仓', 'price': 28.4278, 'stage': 2, 'stage_name': '确认(加9000股)'}, {'date': '2023-03-30', 'type': 'buy', 'signal': '趋势满仓', 'price': 28.4278, 'stage': 3, 'stage_name': '满仓(加15100股)'}, {'date': '2023-04-13', 'type': 'sell', 'signal': '移动止损(最高=29.59)', 'price': 27.4925, 'stage': 3}]","[{'entry_date': '2023-03-28', 'exit_date': '2023-04-14', 'entry_price': 28.221654578754578, 'exit_stage': 3, 'pnl': -19528.74, 'return_pct': -1.95, 'hold_days': 12}]"
sh.600019,2000-12-12,980096.48,-1.99,-4.058,4.83,-2.01,1,0,1,0.0,3,1,21.0,-1.99,-1.99,1,3.0,"{'放量突破MA55': 1, '确认加仓': 1, '趋势满仓': 1, '移动止损(最高=6.10)': 1}",2023-01-03,2026-08-13,875,,"[{'date': '2023-04-04', 'type': 'buy', 'signal': '放量突破MA55', 'price': 5.5602, 'stage': 1, 'stage_name': '试仓(17000股)'}, {'date': '2023-04-10', 'type': 'buy', 'signal': '确认加仓', 'price': 5.6636, 'stage': 2, 'stage_name': '确认(加45500股)'}, {'date': '2023-04-17', 'type': 'buy', 'signal': '趋势满仓', 'price': 6.0602, 'stage': 3, 'stage_name': '满仓(加50600股)'}, {'date': '2023-04-26', 'type': 'sell', 'signal': '移动止损(最高=6.10)', 'price': 5.6636, 'stage': 3}]","[{'entry_date': '2023-04-06', 'exit_date': '2023-04-27', 'entry_price': 5.836772502210433, 'exit_stage': 3, 'pnl': -19903.52, 'return_pct': -1.99, 'hold_days': 15}]"
sh.603019,2014-11-06,978535.73,-2.15,-3.805,6.04,-2.17,1,0,1,0.0,3,1,15.0,-2.15,-2.15,1,3.0,"{'均线多头排列': 1, '确认加仓': 1, '趋势满仓': 1, '移动止损(最高=41.99)': 1}",2023-01-03,2026-08-13,865,,"[{'date': '2023-03-29', 'type': 'buy', 'signal': '均线多头排列', 'price': 39.2031, 'stage': 1, 'stage_name': '试仓(2400股)'}, {'date': '2023-04-03', 'type': 'buy', 'signal': '确认加仓', 'price': 40.6238, 'stage': 2, 'stage_name': '确认(加6300股)'}, {'date': '2023-04-03', 'type': 'buy', 'signal': '趋势满仓', 'price': 40.6238, 'stage': 3, 'stage_name': '满仓(加10600股)'}, {'date': '2023-04-13', 'type': 'sell', 'signal': '移动止损(最高=41.99)', 'price': 38.7622, 'stage': 3}]","[{'entry_date': '2023-03-30', 'exit_date': '2023-04-14', 'entry_price': 40.38250569948186, 'exit_stage': 3, 'pnl': -21464.27, 'return_pct': -2.15, 'hold_days': 10}]"
sh.601211,2015-06-26,971063.97,-2.89,-2.972,6.52,-2.94,1,0,1,0.0,3,1,51.0,-2.89,-2.89,1,3.0,"{'均线多头排列': 1, '确认加仓': 1, '趋势满仓': 1, '移动止损(最高=14.07)': 1}",2023-01-03,2026-08-13,856,,"[{'date': '2023-04-03', 'type': 'buy', 'signal': '均线多头排列', 'price': 13.0183, 'stage': 1, 'stage_name': '试仓(7200股)'}, {'date': '2023-04-07', 'type': 'buy', 'signal': '确认加仓', 'price': 13.348, 'stage': 2, 'stage_name': '确认(加19300股)'}, {'date': '2023-04-07', 'type': 'buy', 'signal': '趋势满仓', 'price': 13.348, 'stage': 3, 'stage_name': '满仓(加32200股)'}, {'date': '2023-05-24', 'type': 'sell', 'signal': '移动止损(最高=14.07)', 'price': 12.9471, 'stage': 3}]","[{'entry_date': '2023-04-04', 'exit_date': '2023-05-25', 'entry_price': 13.39582265758092, 'exit_stage': 3, 'pnl': -28936.03, 'return_pct': -2.89, 'hold_days': 33}]"
sh.600600,1993-08-27,970382.5,-2.96,-2.917,6.45,-3.01,1,0,1,0.0,3,1,23.0,-2.96,-2.96,1,3.0,"{'红杏出墙': 1, '确认加仓': 1, '趋势满仓': 1, '移动止损(最高=110.12)': 1}",2023-01-03,2026-08-13,875,,"[{'date': '2023-03-28', 'type': 'buy', 'signal': '红杏出墙', 'price': 99.8082, 'stage': 1, 'stage_name': '试仓(900股)'}, {'date': '2023-03-31', 'type': 'buy', 'signal': '确认加仓', 'price': 106.814, 'stage': 2, 'stage_name': '确认(加2400股)'}, {'date': '2023-03-31', 'type': 'buy', 'signal': '趋势满仓', 'price': 106.814, 'stage': 3, 'stage_name': '满仓(加4000股)'}, {'date': '2023-04-20', 'type': 'sell', 'signal': '移动止损(最高=110.12)', 'price': 100.995, 'stage': 3}]","[{'entry_date': '2023-03-29', 'exit_date': '2023-04-21', 'entry_price': 105.50044109589041, 'exit_stage': 3, 'pnl': -29617.5, 'return_pct': -2.96, 'hold_days': 16}]"
sh.600029,2003-07-25,968479.32,-3.15,-2.775,4.06,-3.2,1,0,1,0.0,3,1,24.0,-3.15,-3.15,1,3.0,"{'放量突破MA55': 1, '确认加仓': 1, '趋势满仓': 1, '一阴破三线': 1}",2023-01-03,2026-08-13,875,,"[{'date': '2023-03-30', 'type': 'buy', 'signal': '放量突破MA55', 'price': 7.9, 'stage': 1, 'stage_name': '试仓(12000股)'}, {'date': '2023-04-04', 'type': 'buy', 'signal': '确认加仓', 'price': 8.18, 'stage': 2, 'stage_name': '确认(加31500股)'}, {'date': '2023-04-11', 'type': 'buy', 'signal': '趋势满仓', 'price': 8.04, 'stage': 3, 'stage_name': '满仓(加38200股)'}, {'date': '2023-04-21', 'type': 'sell', 'signal': '一阴破三线', 'price': 7.66, 'stage': 3}]","[{'entry_date': '2023-03-31', 'exit_date': '2023-04-24', 'entry_price': 8.09, 'exit_stage': 3, 'pnl': -31520.68, 'return_pct': -3.15, 'hold_days': 15}]"
sz.000568,1994-05-09,967232.87,-3.28,-2.692,3.87,-3.33,1,0,1,0.0,3,1,14.0,-3.28,-3.28,1,3.0,"{'红杏出墙': 1, '确认加仓': 1, '趋势满仓': 1, '移动止损(最高=229.31)': 1}",2023-01-03,2026-08-13,875,,"[{'date': '2023-03-28', 'type': 'buy', 'signal': '红杏出墙', 'price': 220.0263, 'stage': 1, 'stage_name': '试仓(400股)'}, {'date': '2023-03-31', 'type': 'buy', 'signal': '确认加仓', 'price': 225.387, 'stage': 2, 'stage_name': '确认(加1100股)'}, {'date': '2023-04-06', 'type': 'buy', 'signal': '趋势满仓', 'price': 221.1851, 'stage': 3, 'stage_name': '满仓(加1400股)'}, {'date': '2023-04-11', 'type': 'sell', 'signal': '移动止损(最高=229.31)', 'price': 211.4103, 'stage': 3}]","[{'entry_date': '2023-03-29', 'exit_date': '2023-04-12', 'entry_price': 222.2845068965517, 'exit_stage': 3, 'pnl': -32767.13, 'return_pct': -3.28, 'hold_days': 9}]"
sz.000338,2007-04-30,966072.96,-3.39,-2.619,4.11,-3.45,1,0,1,0.0,3,1,16.0,-3.39,-3.39,1,3.0,"{'红杏出墙': 1, '确认加仓': 1, '趋势满仓': 1, '移动止损(最高=11.11)': 1}",2023-01-03,2026-08-13,875,,"[{'date': '2023-03-28', 'type': 'buy', 'signal': '红杏出墙', 'price': 10.6774, 'stage': 1, 'stage_name': '试仓(8800股)'}, {'date': '2023-03-31', 'type': 'buy', 'signal': '确认加仓', 'price': 11.0272, 'stage': 2, 'stage_name': '确认(加23400股)'}, {'date': '2023-04-07', 'type': 'buy', 'signal': '趋势满仓', 'price': 10.8523, 'stage': 3, 'stage_name': '满仓(加28300股)'}, {'date': '2023-04-13', 'type': 'sell', 'signal': '移动止损(最高=11.11)', 'price': 10.3188, 'stage': 3}]","[{'entry_date': '2023-03-29', 'exit_date': '2023-04-14', 'entry_price': 10.910795371900827, 'exit_stage': 3, 'pnl': -33927.04, 'return_pct': -3.39, 'hold_days': 11}]"
sz.002837,2016-12-29,961266.27,-3.87,-2.366,12.81,-3.95,1,0,1,0.0,3,1,21.0,-3.87,-3.87,1,3.0,"{'放量突破MA55': 1, '确认加仓': 1, '趋势满仓': 1, '移动止损(最高=15.55)': 1}",2023-01-03,2026-08-13,875,,"[{'date': '2023-04-06', 'type': 'buy', 'signal': '放量突破MA55', 'price': 11.9603, 'stage': 1, 'stage_name': '试仓(7900股)'}, {'date': '2023-04-11', 'type': 'buy', 'signal': '确认加仓', 'price': 12.4923, 'stage': 2, 'stage_name': '确认(加20600股)'}, {'date': '2023-04-21', 'type': 'buy', 'signal': '趋势满仓', 'price': 14.7299, 'stage': 3, 'stage_name': '满仓(加20800股)'}, {'date': '2023-04-27', 'type': 'sell', 'signal': '移动止损(最高=15.55)', 'price': 13.992, 'stage': 3}]","[{'entry_date': '2023-04-07', 'exit_date': '2023-04-28', 'entry_price': 13.454225152129819, 'exit_stage': 3, 'pnl': -38733.73, 'return_pct': -3.87, 'hold_days': 15}]"
sz.000977,2000-06-08,957208.6,-4.28,-2.196,8.16,-4.37,1,0,1,0.0,3,1,7.0,-4.28,-4.28,1,3.0,"{'均线多头排列': 1, '确认加仓': 1, '趋势满仓': 1, '移动止损(最高=43.45)': 1}",2023-01-03,2026-08-13,875,,"[{'date': '2023-04-06', 'type': 'buy', 'signal': '均线多头排列', 'price': 38.4056, 'stage': 1, 'stage_name': '试仓(2400股)'}, {'date': '2023-04-11', 'type': 'buy', 'signal': '确认加仓', 'price': 41.0994, 'stage': 2, 'stage_name': '确认(加6200股)'}, {'date': '2023-04-11', 'type': 'buy', 'signal': '趋势满仓', 'price': 41.0994, 'stage': 3, 'stage_name': '满仓(加10400股)'}, {'date': '2023-04-13', 'type': 'sell', 'signal': '移动止损(最高=43.45)', 'price': 39.1583, 'stage': 3}]","[{'entry_date': '2023-04-07', 'exit_date': '2023-04-14', 'entry_price': 41.18168736842105, 'exit_stage': 3, 'pnl': -42791.4, 'return_pct': -4.28, 'hold_days': 5}]"
sh.688008,2019-07-22,956677.22,-4.33,-2.177,5.85,-4.43,1,0,1,0.0,3,1,16.0,-4.33,-4.33,1,3.0,"{'均线多头排列': 1, '确认加仓': 1, '趋势满仓': 1, '移动止损(最高=74.94)': 1}",2023-01-03,2026-08-13,875,,"[{'date': '2023-03-31', 'type': 'buy', 'signal': '均线多头排列', 'price': 68.1831, 'stage': 1, 'stage_name': '试仓(1300股)'}, {'date': '2023-04-06', 'type': 'buy', 'signal': '确认加仓', 'price': 73.7833, 'stage': 2, 'stage_name': '确认(加3400股)'}, {'date': '2023-04-06', 'type': 'buy', 'signal': '趋势满仓', 'price': 73.7833, 'stage': 3, 'stage_name': '满仓(加5800股)'}, {'date': '2023-04-18', 'type': 'sell', 'signal': '移动止损(最高=74.94)', 'price': 69.3208, 'stage': 3}]","[{'entry_date': '2023-04-03', 'exit_date': '2023-04-19', 'entry_price': 74.02850380952381, 'exit_stage': 3, 'pnl': -43322.78, 'return_pct': -4.33, 'hold_days': 11}]"
sh.603296,2023-08-08,956183.7,-4.38,-2.159,5.84,-4.48,1,0,1,0.0,3,1,22.0,-4.38,-4.38,1,3.0,"{'均线多头排列': 1, '确认加仓': 1, '趋势满仓': 1, '移动止损(最高=40.85)': 1}",2023-08-08,2026-08-13,731,,"[{'date': '2023-10-31', 'type': 'buy', 'signal': '均线多头排列', 'price': 40.264, 'stage': 1, 'stage_name': '试仓(2300股)'}, {'date': '2023-11-03', 'type': 'buy', 'signal': '确认加仓', 'price': 39.714, 'stage': 2, 'stage_name': '确认(加6500股)'}, {'date': '2023-11-03', 'type': 'buy', 'signal': '趋势满仓', 'price': 39.714, 'stage': 3, 'stage_name': '满仓(加10800股)'}, {'date': '2023-11-22', 'type': 'sell', 'signal': '移动止损(最高=40.85)', 'price': 37.8871, 'stage': 3}]","[{'entry_date': '2023-11-01', 'exit_date': '2023-11-23', 'entry_price': 40.020242857142854, 'exit_stage': 3, 'pnl': -43816.3, 'return_pct': -4.38, 'hold_days': 16}]"
sz.000725,2001-01-12,941355.96,-5.86,-1.759,6.08,-6.04,1,0,1,0.0,3,1,25.0,-5.86,-5.86,1,3.0,"{'均线多头排列': 1, '确认加仓': 1, '趋势满仓': 1, '移动止损(最高=4.31)': 1}",2023-01-03,2026-08-13,875,,"[{'date': '2023-03-29', 'type': 'buy', 'signal': '均线多头排列', 'price': 4.1998, 'stage': 1, 'stage_name': '试仓(22600股)'}, {'date': '2023-04-03', 'type': 'buy', 'signal': '确认加仓', 'price': 4.3051, 'stage': 2, 'stage_name': '确认(加59900股)'}, {'date': '2023-04-03', 'type': 'buy', 'signal': '趋势满仓', 'price': 4.3051, 'stage': 3, 'stage_name': '满仓(加99800股)'}, {'date': '2023-04-21', 'type': 'sell', 'signal': '移动止损(最高=4.31)', 'price': 3.9798, 'stage': 3}]","[{'entry_date': '2023-03-30', 'exit_date': '2023-04-24', 'entry_price': 4.283635929786067, 'exit_stage': 3, 'pnl': -58644.04, 'return_pct': -5.86, 'hold_days': 16}]"
sh.600183,1998-10-28,923252.18,-7.67,-1.48,8.39,-7.99,1,0,1,0.0,3,1,20.0,-7.67,-7.67,1,3.0,"{'均线多头排列': 1, '确认加仓': 1, '趋势满仓': 1, '移动止损(最高=18.16)': 1}",2023-01-03,2026-08-13,875,,"[{'date': '2023-04-03', 'type': 'buy', 'signal': '均线多头排列', 'price': 17.4044, 'stage': 1, 'stage_name': '试仓(5400股)'}, {'date': '2023-04-07', 'type': 'buy', 'signal': '确认加仓', 'price': 17.9815, 'stage': 2, 'stage_name': '确认(加14300股)'}, {'date': '2023-04-07', 'type': 'buy', 'signal': '趋势满仓', 'price': 17.9815, 'stage': 3, 'stage_name': '满仓(加23900股)'}, {'date': '2023-04-21', 'type': 'sell', 'signal': '移动止损(最高=18.16)', 'price': 16.3235, 'stage': 3}]","[{'entry_date': '2023-04-04', 'exit_date': '2023-04-24', 'entry_price': 17.903190825688075, 'exit_stage': 3, 'pnl': -76747.82, 'return_pct': -7.67, 'hold_days': 13}]"
sz.002241,2008-05-22,900325.82,-9.97,-1.272,14.32,-10.5,1,0,1,0.0,3,1,15.0,-9.97,-9.97,1,3.0,"{'均线多头排列': 1, '确认加仓': 1, '趋势满仓': 1, '移动止损(最高=23.36)': 1}",2023-01-03,2026-08-13,875,,"[{'date': '2023-04-03', 'type': 'buy', 'signal': '均线多头排列', 'price': 21.027, 'stage': 1, 'stage_name': '试仓(4500股)'}, {'date': '2023-04-07', 'type': 'buy', 'signal': '确认加仓', 'price': 22.1834, 'stage': 2, 'stage_name': '确认(加11600股)'}, {'date': '2023-04-07', 'type': 'buy', 'signal': '趋势满仓', 'price': 22.1834, 'stage': 3, 'stage_name': '满仓(加19300股)'}, {'date': '2023-04-18', 'type': 'sell', 'signal': '移动止损(最高=23.36)', 'price': 19.5623, 'stage': 3}]","[{'entry_date': '2023-04-04', 'exit_date': '2023-04-19', 'entry_price': 21.903222881355934, 'exit_stage': 3, 'pnl': -99674.18, 'return_pct': -9.97, 'hold_days': 10}]"
